"","RFID","Date","n","n_distinct(Logger)","H"
"1","011016B9B5",2019-01-27,20,2,0.198515243345873
"2","011016B9B5",2019-01-30,33,1,0
"3","011016B9B5",2019-01-31,28,1,0
"4","011016B9B5",2019-02-01,19,1,0
"5","011016B9B5",2019-02-09,11,1,0
"6","011016B9B5",2019-02-10,20,1,0
"7","011016B9B5",2019-02-19,19,1,0
"8","011016B9B5",2019-02-20,13,1,0
"9","011016B9B5",2019-02-21,16,1,0
"10","011016B9B5",2019-02-28,37,1,0
"11","011016B9B5",2019-03-01,52,2,0.316548971609442
"12","011016B9B5",2019-03-02,25,1,0
"13","011016B9B5",2019-03-03,12,1,0
"14","011016BF63",2019-01-25,20,1,0
"15","011016BF63",2019-01-26,12,3,0.918427784993098
"16","011016BF63",2019-01-27,20,2,0.688138813713588
"17","011016BF63",2019-01-28,28,3,0.655975732336547
"18","011016BF63",2019-01-29,52,2,0.693147180559945
"19","011016BF63",2019-01-30,36,2,0.590842246275583
"20","011016BF63",2019-02-05,41,2,0.690467808703202
"21","011016BF63",2019-02-06,36,2,0.286835983056161
"22","011016BF63",2019-02-07,27,2,0.607693423870957
"23","011016BF63",2019-02-09,15,2,0.244930026794635
"24","011016BF63",2019-02-10,21,2,0.314492201281411
"25","011016BF63",2019-02-12,24,2,0.286835983056161
"26","011016BF63",2019-02-15,26,2,0.357627159853222
"27","011016BF63",2019-02-16,12,2,0.636514168294813
"28","011016BF63",2019-02-17,48,1,0
"29","011016BF63",2019-03-02,21,2,0.486912709464602
"30","011016BF63",2019-03-03,31,1,0
"31","011016BF63",2019-03-04,27,2,0.158410570131791
"32","011016BF63",2019-03-05,22,2,0.535959889216217
"33","011016BF63",2019-03-07,15,2,0.673011667009257
"34","011016FD8E",2019-01-25,26,1,0
"35","011016FD8E",2019-01-26,62,2,0.640175902350438
"36","011016FD8E",2019-01-27,121,5,1.38716016714889
"37","011016FD8E",2019-01-28,16,1,0
"38","011016FD8E",2019-01-29,58,3,0.543498386230674
"39","011016FD8E",2019-01-30,132,4,1.03963571201603
"40","011016FD8E",2019-01-31,60,3,1.02172606130862
"41","011016FD8E",2019-02-01,33,1,0
"42","011016FD8E",2019-02-05,35,3,0.746694433054882
"43","011016FD8E",2019-02-06,57,1,0
"44","011016FD8E",2019-02-09,34,3,0.983127624158612
"45","011016FD8E",2019-02-10,65,3,0.943156702083951
"46","011016FD8E",2019-02-11,50,3,0.946913951773884
"47","011016FD8E",2019-02-12,52,2,0.540204142388861
"48","011016FD8E",2019-02-13,80,2,0.681854608730783
"49","011016FD8E",2019-02-15,31,2,0.491327448450522
"50","011016FD8E",2019-02-16,59,3,0.875323781889836
"51","011016FD8E",2019-02-17,12,2,0.562335144618808
"52","011016FD8E",2019-02-18,29,2,0.619376289741447
"53","011016FD8E",2019-02-19,64,2,0.578858643838915
"54","011016FD8E",2019-02-20,70,2,0.325082973391448
"55","011016FD8E",2019-02-21,54,2,0.659152503822991
"56","011016FD8E",2019-02-22,64,3,0.802460084994574
"57","011016FD8E",2019-02-23,15,1,0
"58","011016FD8E",2019-02-24,24,1,0
"59","011016FD8E",2019-02-25,39,2,0.652825793916348
"60","011016FD8E",2019-02-26,80,3,1.07987058793409
"61","011016FD8E",2019-02-27,59,4,1.30684409012523
"62","011016FD8E",2019-02-28,111,4,1.23409226615089
"63","011016FD8E",2019-03-01,135,4,1.2116412437845
"64","011016FD8E",2019-03-02,88,2,0.633856266068602
"65","011016FD8E",2019-03-03,86,2,0.542348942243927
"66","011016FD8E",2019-03-04,35,2,0.129740694719428
"67","011016FD8E",2019-03-05,26,1,0
"68","011016FD8E",2019-03-06,116,4,1.31193676179896
"69","011016FD8E",2019-03-07,112,3,0.486321475833898
"70","011016FD8E",2019-03-08,76,3,0.530988207068324
"71","011016FD8E",2019-03-09,14,1,0
"72","011016FE79",2019-01-24,42,1,0
"73","011016FE79",2019-01-25,61,1,0
"74","011016FE79",2019-01-26,74,1,0
"75","011016FE79",2019-01-27,57,1,0
"76","011016FE79",2019-01-28,62,1,0
"77","011016FE79",2019-01-29,54,1,0
"78","011016FE79",2019-01-30,60,2,0.422709087805991
"79","011016FE79",2019-01-31,21,2,0.410116318288409
"80","011016FE79",2019-02-01,37,3,1.00243744732026
"81","011016FE79",2019-02-04,25,1,0
"82","011016FE79",2019-02-12,28,1,0
"83","011016FE79",2019-02-13,14,2,0.519579839130515
"84","011016FE79",2019-02-14,36,2,0.529706199057654
"85","011016FE79",2019-02-15,58,3,0.709985171742972
"86","011016FE79",2019-02-19,27,2,0.692461152611233
"87","011016FE79",2019-02-20,21,2,0.410116318288409
"88","011016FE79",2019-02-23,32,1,0
"89","011016FE79",2019-02-26,34,1,0
"90","011016FE79",2019-02-27,166,3,0.130281794200603
"91","011016FE79",2019-02-28,36,1,0
"92","011016FE79",2019-03-02,104,1,0
"93","011016FE79",2019-03-03,261,1,0
"94","011016FE79",2019-03-04,298,1,0
"95","011016FE79",2019-03-05,42,2,0.598269588585257
"96","011016FE79",2019-03-07,36,1,0
"97","011016FE79",2019-03-08,17,1,0
"98","01101706AD",2019-01-30,53,1,0
"99","01101706AD",2019-02-01,11,2,0.304636097349238
"100","01101706AD",2019-02-04,15,1,0
"101","01101706AD",2019-02-14,18,1,0
"102","01101706AD",2019-02-15,50,2,0.278769371768587
"103","01101706AD",2019-02-17,52,3,0.97452030605395
"104","01101706AD",2019-02-18,32,2,0.621086374555245
"105","01101706AD",2019-02-21,44,1,0
"106","01101706AD",2019-02-22,75,2,0.667233669428229
"107","01101706AD",2019-02-23,33,4,1.3479071808162
"108","01101706AD",2019-02-24,29,3,0.39844050758377
"109","01101706AD",2019-02-26,75,4,0.2636672384556
"110","01101706AD",2019-02-27,29,2,0.459693019968502
"111","01101706AD",2019-02-28,82,3,0.892923727494754
"112","01101706AD",2019-03-01,58,3,0.575729514280442
"113","01101706AD",2019-03-02,39,3,1.07357811853087
"114","01101706AD",2019-03-03,22,1,0
"115","01101706AD",2019-03-04,22,3,0.649687712747623
"116","01101706AD",2019-03-05,48,2,0.511740073417409
"117","01101706AD",2019-03-06,28,3,1.03460123291018
"118","01101706AD",2019-03-07,106,3,1.04891729474006
"119","01101706AD",2019-03-08,41,2,0.624643580560267
"120","0110170BCF",2019-01-25,74,2,0.313041085871982
"121","0110170BCF",2019-01-26,36,3,1.05082429447899
"122","0110170BCF",2019-01-27,113,4,1.13456937870515
"123","0110170BCF",2019-01-28,109,2,0.400609693697827
"124","0110170BCF",2019-01-29,160,4,1.10676702606235
"125","0110170BCF",2019-01-30,161,4,1.25550789063762
"126","0110170BCF",2019-01-31,128,3,0.668535196037156
"127","0110170BCF",2019-02-01,56,1,0
"128","0110170BCF",2019-02-04,55,4,0.9688719979467
"129","0110170BCF",2019-02-05,63,2,0.671703461450141
"130","0110170BCF",2019-02-06,113,1,0
"131","0110170BCF",2019-02-07,31,2,0.441803348010016
"132","0110170BCF",2019-02-09,114,2,0.567102519699016
"133","0110170BCF",2019-02-10,150,4,0.807165440014042
"134","0110170BCF",2019-02-11,99,4,1.08404526537847
"135","0110170BCF",2019-02-12,73,3,0.676233997018072
"136","0110170BCF",2019-02-13,116,2,0.368296832747664
"137","0110170BCF",2019-02-14,73,2,0.125574980449031
"138","0110170BCF",2019-02-15,163,4,1.22287587929853
"139","0110170BCF",2019-02-16,123,2,0.281934969645304
"140","0110170BCF",2019-02-17,123,2,0.301219139227436
"141","0110170BCF",2019-02-18,153,1,0
"142","0110170BCF",2019-02-19,140,1,0
"143","0110170BCF",2019-02-20,143,3,0.743879722377207
"144","0110170BCF",2019-02-21,66,2,0.689009238476659
"145","0110170BCF",2019-02-22,128,2,0.685314207276458
"146","0110170BCF",2019-02-23,124,2,0.671000895261134
"147","0110170BCF",2019-02-24,22,2,0.535959889216217
"148","0110170BCF",2019-02-25,105,2,0.659711615178473
"149","0110170BCF",2019-02-26,91,2,0.271189373041844
"150","0110170BCF",2019-02-27,162,1,0
"151","0110170BCF",2019-02-28,96,2,0.173205206749177
"152","0110170BCF",2019-03-01,80,1,0
"153","0110170BCF",2019-03-02,171,1,0
"154","0110170BCF",2019-03-03,157,1,0
"155","0110170BCF",2019-03-04,134,2,0.283843354342035
"156","0110170BCF",2019-03-05,93,3,0.947752967051517
"157","0110170BCF",2019-03-06,73,3,0.818179399163186
"158","0110170BCF",2019-03-07,17,3,0.752974682765889
"159","0110170BCF",2019-03-08,27,1,0
"160","0110170BCF",2019-03-16,26,2,0.357627159853222
"161","0110170F15",2019-01-24,16,1,0
"162","0110170F15",2019-01-25,53,1,0
"163","0110170F15",2019-01-26,58,3,1.04066201529655
"164","0110170F15",2019-01-27,93,3,0.785501773677295
"165","0110170F15",2019-01-28,56,3,0.740066190975166
"166","0110170F15",2019-01-29,76,3,0.929095275661074
"167","0110170F15",2019-01-30,177,3,1.04049695388914
"168","0110170F15",2019-01-31,49,2,0.691271788826362
"169","0110170F15",2019-02-01,25,2,0.551079928086973
"170","0110170F15",2019-02-04,74,2,0.596491544414246
"171","0110170F15",2019-02-05,97,3,1.07652239600809
"172","0110170F15",2019-02-06,123,3,1.07447233501835
"173","0110170F15",2019-02-07,89,3,0.807753696314651
"174","0110170F15",2019-02-09,64,3,1.03580428419817
"175","0110170F15",2019-02-10,169,3,1.06844163369449
"176","0110170F15",2019-02-11,104,4,1.23129532755413
"177","0110170F15",2019-02-12,77,4,1.29430966047268
"178","0110170F15",2019-02-13,65,3,1.05432830603684
"179","0110170F15",2019-02-14,21,3,0.940371652624074
"180","0110170F15",2019-02-15,109,4,1.01774309062763
"181","0110170F15",2019-02-16,70,3,1.08821944590838
"182","0110170F15",2019-02-17,86,3,1.07750921725134
"183","0110170F15",2019-02-18,48,3,1.07228683909382
"184","0110170F15",2019-02-19,39,2,0.690185676018804
"185","0110170F15",2019-02-20,54,3,0.988825250371335
"186","0110170F15",2019-02-21,119,2,0.410116318288409
"187","0110170F15",2019-02-22,68,2,0.465999256961043
"188","0110170F15",2019-02-23,100,3,0.448428183191693
"189","0110170F15",2019-02-24,61,2,0.632659106698616
"190","0110170F15",2019-02-25,84,1,0
"191","0110170F15",2019-02-26,85,4,0.962250248812159
"192","0110170F15",2019-02-27,109,3,1.06132371946849
"193","0110170F15",2019-02-28,77,4,1.01272658339947
"194","0110170F15",2019-03-01,92,4,1.11811013143182
"195","0110170F15",2019-03-02,101,4,0.98417455268152
"196","0110170F15",2019-03-03,77,3,0.493823835188916
"197","0110170F15",2019-03-04,88,3,1.00179960834647
"198","0110170F15",2019-03-05,78,3,0.652623177780064
"199","0110170F15",2019-03-06,89,3,0.971559420207129
"200","0110170F15",2019-03-07,68,3,0.988077667447308
"201","0110170F15",2019-03-08,68,2,0.331497752853178
"202","0110170F15",2019-03-09,11,1,0
"203","0110170F15",2019-03-11,21,1,0
"204","0110170F15",2019-03-15,64,2,0.525321319515595
"205","0110170F15",2019-03-16,34,1,0
"206","0110171671",2019-01-24,14,1,0
"207","0110171671",2019-01-25,60,2,0.0847660757148099
"208","0110171671",2019-01-26,15,2,0.244930026794635
"209","0110171671",2019-01-27,19,3,0.76593733657852
"210","0110171671",2019-01-28,30,1,0
"211","0110171671",2019-01-29,98,4,1.23403775725873
"212","0110171671",2019-01-30,106,5,1.25850313626486
"213","0110171671",2019-01-31,68,3,1.08523338178466
"214","0110171671",2019-02-01,75,4,0.859556181913929
"215","0110171671",2019-02-02,70,1,0
"216","0110171671",2019-02-03,12,1,0
"217","0110171671",2019-02-04,72,2,0.511740073417409
"218","0110171671",2019-02-05,57,3,0.878424995443976
"219","0110171671",2019-02-06,106,3,0.915612956942756
"220","0110171671",2019-02-07,77,3,1.08587723804931
"221","0110171671",2019-02-09,63,2,0.664528438654915
"222","0110171671",2019-02-10,134,2,0.107192887970649
"223","0110171671",2019-02-11,111,3,0.556390189913273
"224","0110171671",2019-02-12,112,3,0.784771813609856
"225","0110171671",2019-02-13,140,3,0.630753735772718
"226","0110171671",2019-02-14,95,3,0.828732102024015
"227","0110171671",2019-02-15,137,3,0.868201825850706
"228","0110171671",2019-02-16,88,4,0.893542535648228
"229","0110171671",2019-02-17,121,4,0.723150671526432
"230","0110171671",2019-02-18,49,3,0.922918822790058
"231","0110171671",2019-02-19,27,2,0.419483369306181
"232","0110171671",2019-02-20,33,2,0.553858229492429
"233","0110171671",2019-02-21,46,1,0
"234","0110171671",2019-02-22,71,2,0.594542514505816
"235","0110171671",2019-02-23,35,2,0.500402423538188
"236","0110171671",2019-02-24,45,2,0.692900246653578
"237","0110171671",2019-02-25,25,1,0
"238","0110171671",2019-02-26,107,2,0.0529732832854658
"239","0110171671",2019-02-27,61,4,0.701064711689754
"240","0110171671",2019-02-28,48,3,0.475221603611121
"241","0110171671",2019-03-01,63,3,0.221754280447947
"242","0110171671",2019-03-02,86,3,0.78370331818134
"243","0110171671",2019-03-03,79,4,0.850442333985604
"244","0110171671",2019-03-04,75,4,0.935210199891585
"245","0110171671",2019-03-05,88,3,0.784306188419504
"246","0110171671",2019-03-06,39,3,1.04800868144837
"247","0110171671",2019-03-07,71,3,0.725512073141449
"248","0110171671",2019-03-08,57,2,0.557465169774255
"249","0110171671",2019-03-09,11,1,0
"250","0110171671",2019-03-11,43,2,0.110453046672598
"251","0110171671",2019-03-15,128,2,0.391698395211611
"252","0110171671",2019-03-16,208,2,0.628453704496912
"253","0110171671",2019-03-17,13,1,0
"254","011017171D",2019-01-26,77,3,0.705821635068107
"255","011017171D",2019-01-27,81,4,1.16551809456435
"256","011017171D",2019-01-28,59,2,0.148042246826241
"257","011017171D",2019-01-29,127,3,0.954324557055692
"258","011017171D",2019-01-30,153,5,1.05977917187669
"259","011017171D",2019-01-31,164,4,1.26317110617954
"260","011017171D",2019-02-01,122,4,0.911533275321085
"261","011017171D",2019-02-02,39,3,0.905307751439373
"262","011017171D",2019-02-03,13,1,0
"263","011017171D",2019-02-04,29,2,0.619376289741447
"264","011017171D",2019-02-05,17,2,0.605797499372304
"265","011017171D",2019-02-06,52,2,0.600768415035861
"266","011017171D",2019-02-07,62,1,0
"267","011017171D",2019-02-09,90,2,0.668248477664539
"268","011017171D",2019-02-10,133,3,1.03613384778265
"269","011017171D",2019-02-11,52,2,0.666278442414676
"270","011017171D",2019-02-12,28,3,0.856277995671578
"271","011017171D",2019-02-13,121,3,0.874225212109503
"272","011017171D",2019-02-14,82,4,1.03285292734195
"273","011017171D",2019-02-15,72,3,1.09339030647912
"274","011017171D",2019-02-16,90,3,0.763827418979975
"275","011017171D",2019-02-17,123,3,0.732331995514324
"276","011017171D",2019-02-18,119,5,1.53050945687028
"277","011017171D",2019-02-19,138,4,1.20127121903528
"278","011017171D",2019-02-20,99,3,0.751066221563075
"279","011017171D",2019-02-21,36,1,0
"280","011017171D",2019-02-22,51,2,0.691416077617118
"281","011017171D",2019-02-23,22,2,0.304636097349238
"282","011017171D",2019-02-24,66,2,0.228631873582861
"283","011017171D",2019-02-25,153,2,0.29073673961268
"284","011017171D",2019-02-26,182,4,1.31296888560372
"285","011017171D",2019-02-27,179,3,0.853688293335939
"286","011017171D",2019-02-28,58,4,1.04839591212364
"287","011017171D",2019-03-01,67,3,0.39731713197878
"288","011017171D",2019-03-02,107,4,1.28243532964646
"289","011017171D",2019-03-03,150,3,0.645087468433957
"290","011017171D",2019-03-04,57,2,0.593614876769408
"291","011017171D",2019-03-05,13,2,0.666278442414676
"292","011017171D",2019-03-06,38,2,0.693147180559945
"293","011017171D",2019-03-07,13,1,0
"294","011017171D",2019-03-11,43,1,0
"295","011017171D",2019-03-15,18,1,0
"296","011017171D",2019-03-16,31,1,0
"297","0110172D57",2019-01-26,40,4,1.03012779017946
"298","0110172D57",2019-01-27,155,4,1.06972965343079
"299","0110172D57",2019-01-28,30,1,0
"300","0110172D57",2019-01-29,64,2,0.189208980538167
"301","0110172D57",2019-01-30,124,4,1.26953583150355
"302","0110172D57",2019-01-31,73,2,0.125574980449031
"303","0110172D57",2019-02-01,60,3,0.862389049075419
"304","0110172D57",2019-02-05,60,3,1.02039272913125
"305","0110172D57",2019-02-06,142,3,0.80055070832828
"306","0110172D57",2019-02-09,44,3,0.965806624907049
"307","0110172D57",2019-02-10,127,3,0.8856537476698
"308","0110172D57",2019-02-11,85,3,0.532969419587731
"309","0110172D57",2019-02-12,61,3,0.519774841667011
"310","0110172D57",2019-02-13,55,1,0
"311","0110172D57",2019-02-14,21,2,0.410116318288409
"312","0110172D57",2019-02-15,107,3,0.634281203131613
"313","0110172D57",2019-02-16,66,2,0.135793958751594
"314","0110172D57",2019-02-17,187,3,0.473228934283859
"315","0110172D57",2019-02-18,46,5,0.933750012681688
"316","0110172D57",2019-02-19,39,3,0.831524109152622
"317","0110172D57",2019-02-21,43,2,0.404118264921362
"318","0110172D57",2019-02-22,120,3,0.824610643046197
"319","0110172D57",2019-02-23,232,2,0.239588756430048
"320","0110172D57",2019-02-24,48,1,0
"321","0110172D57",2019-02-25,95,2,0.174578022784615
"322","0110172D57",2019-02-26,203,2,0.16606092360647
"323","0110172D57",2019-02-27,159,2,0.160680562041546
"324","0110172D57",2019-02-28,86,2,0.110453046672598
"325","0110172D57",2019-03-01,25,1,0
"326","0110172D57",2019-03-02,119,3,0.814721924291628
"327","0110172D57",2019-03-03,175,1,0
"328","0110172D57",2019-03-04,215,3,0.867979588092868
"329","0110172D57",2019-03-05,28,3,1.00126282830872
"330","0110172D57",2019-03-06,19,2,0.336495757583516
"331","0110172D57",2019-03-07,53,3,1.08716382506428
"332","0110172D57",2019-03-08,63,3,0.986524418914512
"333","0110172D57",2019-03-11,13,1,0
"334","0110172D57",2019-03-15,14,1,0
"335","0110173043",2019-01-27,82,1,0
"336","0110173043",2019-01-28,25,1,0
"337","0110173043",2019-01-29,69,1,0
"338","0110173043",2019-01-30,165,1,0
"339","0110173043",2019-01-31,116,1,0
"340","0110173043",2019-02-01,56,1,0
"341","0110173043",2019-02-04,32,1,0
"342","0110173043",2019-02-06,31,1,0
"343","0110173043",2019-02-07,20,1,0
"344","0110173043",2019-02-09,29,1,0
"345","0110173043",2019-02-10,34,1,0
"346","0110173043",2019-02-15,45,1,0
"347","0110173043",2019-02-16,24,1,0
"348","0110173043",2019-02-18,14,1,0
"349","0110173043",2019-02-19,36,1,0
"350","0110173043",2019-02-20,68,1,0
"351","0110173043",2019-02-21,16,1,0
"352","0110173043",2019-02-25,40,1,0
"353","0110173043",2019-02-27,16,1,0
"354","0110173043",2019-02-28,20,1,0
"355","0110173043",2019-03-01,21,1,0
"356","0110173577",2019-01-26,90,1,0
"357","0110173577",2019-01-27,119,2,0.223718076065834
"358","0110173577",2019-01-28,81,2,0.683897470837527
"359","0110173577",2019-01-29,59,2,0.681467046301406
"360","0110173577",2019-01-30,136,2,0.362210557135449
"361","0110173577",2019-01-31,125,1,0
"362","0110173577",2019-02-01,88,1,0
"363","0110173577",2019-02-04,88,2,0.506639557823819
"364","0110173577",2019-02-05,70,1,0
"365","0110173577",2019-02-06,105,1,0
"366","0110173577",2019-02-09,129,1,0
"367","0110173577",2019-02-10,113,2,0.675777998024791
"368","0110173577",2019-02-11,127,2,0.628987698957187
"369","0110173577",2019-02-12,110,1,0
"370","0110173577",2019-02-13,86,1,0
"371","0110173577",2019-02-14,61,1,0
"372","0110173577",2019-02-15,149,2,0.341007691117743
"373","0110173577",2019-02-16,112,1,0
"374","0110173577",2019-02-17,134,1,0
"375","0110173577",2019-02-18,110,2,0.398307113805284
"376","0110173577",2019-02-19,113,2,0.39156865122341
"377","0110173577",2019-02-20,111,1,0
"378","0110173577",2019-02-21,70,1,0
"379","0110173577",2019-02-22,69,1,0
"380","0110173577",2019-02-23,133,2,0.629338035706362
"381","0110173577",2019-02-24,56,2,0.682908104700472
"382","0110173577",2019-02-25,139,1,0
"383","0110173577",2019-02-26,189,2,0.667038013090484
"384","0110173577",2019-02-27,76,2,0.633430670672573
"385","0110173577",2019-02-28,88,1,0
"386","0110173577",2019-03-01,137,1,0
"387","0110173577",2019-03-02,102,2,0.614150513196301
"388","0110173577",2019-03-03,170,1,0
"389","0110173577",2019-03-04,109,1,0
"390","0110173577",2019-03-05,49,1,0
"391","0110173577",2019-03-06,126,1,0
"392","0110173577",2019-03-07,45,1,0
"393","0110173577",2019-03-08,33,1,0
"394","0110173577",2019-03-11,35,1,0
"395","0110173577",2019-03-15,85,1,0
"396","0110173577",2019-03-16,82,1,0
"397","0110173577",2019-03-17,22,1,0
"398","01101736BA",2019-01-24,19,1,0
"399","01101736BA",2019-01-25,48,1,0
"400","01101736BA",2019-01-26,93,4,1.31536590532296
"401","01101736BA",2019-01-27,122,4,1.19244304548054
"402","01101736BA",2019-01-28,120,4,0.854873773603185
"403","01101736BA",2019-01-29,112,4,1.05816725593076
"404","01101736BA",2019-01-30,114,4,1.1570671821451
"405","01101736BA",2019-01-31,67,3,0.753117368085831
"406","01101736BA",2019-02-01,65,2,0.137406006452769
"407","01101736BA",2019-02-04,93,4,0.977763146172163
"408","01101736BA",2019-02-05,49,3,1.00470096115185
"409","01101736BA",2019-02-06,110,2,0.557286130981193
"410","01101736BA",2019-02-07,94,2,0.291067124703617
"411","01101736BA",2019-02-09,105,3,0.745067817822332
"412","01101736BA",2019-02-10,110,3,0.799236686496302
"413","01101736BA",2019-02-11,99,3,0.712724792822433
"414","01101736BA",2019-02-12,160,3,0.75341199820597
"415","01101736BA",2019-02-13,151,3,0.62885403219693
"416","01101736BA",2019-02-14,101,2,0.687204608714203
"417","01101736BA",2019-02-15,105,3,0.721917913579455
"418","01101736BA",2019-02-16,95,2,0.645802350535388
"419","01101736BA",2019-02-17,102,2,0.690068279282716
"420","01101736BA",2019-02-18,126,2,0.680496108363422
"421","01101736BA",2019-02-19,108,2,0.679193265991526
"422","01101736BA",2019-02-20,97,2,0.69266883879431
"423","01101736BA",2019-02-21,76,1,0
"424","01101736BA",2019-02-22,104,3,0.504573075097124
"425","01101736BA",2019-02-23,70,1,0
"426","01101736BA",2019-02-24,79,2,0.691142957077936
"427","01101736BA",2019-02-25,71,1,0
"428","01101736BA",2019-02-26,143,2,0.69253577911082
"429","01101736BA",2019-02-27,56,2,0.598269588585257
"430","01101736BA",2019-02-28,90,2,0.601153811179404
"431","01101736BA",2019-03-01,119,2,0.68034618984583
"432","01101736BA",2019-03-02,93,2,0.592546638446232
"433","01101736BA",2019-03-03,123,2,0.526289869494132
"434","01101736BA",2019-03-04,117,2,0.624002195124706
"435","01101736BA",2019-03-05,68,2,0.629501260876381
"436","01101736BA",2019-03-06,68,2,0.691416077617118
"437","01101736BA",2019-03-07,50,2,0.610864302054894
"438","01101736BA",2019-03-11,20,1,0
"439","01101736BA",2019-03-15,274,2,0.179824676523605
"440","01101736BA",2019-03-16,257,2,0.164466084595411
"441","01101736BA",2019-03-17,79,2,0.327855401791426
"442","011017396E",2019-01-27,16,2,0.661563238157982
"443","011017396E",2019-01-30,29,1,0
"444","011017396E",2019-02-23,11,1,0
"445","011017396E",2019-03-01,59,2,0.691853890957495
"446","0110173C26",2019-01-31,18,2,0.668248477664539
"447","0110173C26",2019-02-01,15,2,0.392674467227552
"448","0110173C26",2019-02-18,19,3,0.660578887652076
"449","0110173C26",2019-02-20,18,3,1.06085694715802
"450","0110173C26",2019-02-22,16,2,0.685314207276458
"451","0110173C26",2019-02-26,58,1,0
"452","0110173C26",2019-02-27,29,2,0.149994923610415
"453","0110173C26",2019-03-03,19,1,0
"454","0110173C26",2019-03-05,19,1,0
"455","0110173C26",2019-03-08,16,3,0.881532261188164
"456","0110173E3A",2019-01-26,34,2,0.132691420839872
"457","0110173E3A",2019-01-27,103,3,0.559766954723526
"458","0110173E3A",2019-01-28,15,2,0.579915171418101
"459","0110173E3A",2019-01-29,91,3,0.990503482219045
"460","0110173E3A",2019-01-30,181,3,0.852934795665942
"461","0110173E3A",2019-01-31,18,2,0.590842246275583
"462","0110173E3A",2019-02-05,80,2,0.198515243345873
"463","0110173E3A",2019-02-06,75,2,0.636514168294813
"464","0110173E3A",2019-02-07,31,2,0.491327448450522
"465","0110173E3A",2019-02-09,20,2,0.688138813713588
"466","0110173E3A",2019-02-10,96,3,0.693304652508102
"467","0110173E3A",2019-02-11,103,4,1.10175132300462
"468","0110173E3A",2019-02-12,80,2,0.654843055442027
"469","0110173E3A",2019-02-13,40,3,0.814622281852351
"470","0110173E3A",2019-02-14,22,2,0.535959889216217
"471","0110173E3A",2019-02-15,78,3,0.713584127202353
"472","0110173E3A",2019-02-16,57,3,1.03223243041103
"473","0110173E3A",2019-02-17,37,2,0.689856498589211
"474","0110173E3A",2019-02-18,23,2,0.295439191872116
"475","0110173E3A",2019-02-19,50,2,0.626869457572426
"476","0110173E3A",2019-02-20,56,2,0.562335144618808
"477","0110173E3A",2019-02-21,65,2,0.454664400430208
"478","0110173E3A",2019-02-22,32,2,0.64349155301929
"479","0110173E3A",2019-02-23,64,2,0.675464582450903
"480","0110173E3A",2019-02-24,85,2,0.684749947179551
"481","0110173E3A",2019-02-25,54,1,0
"482","0110173E3A",2019-02-26,63,3,1.03278764362902
"483","0110173E3A",2019-02-27,58,2,0.5526646224944
"484","0110173E3A",2019-02-28,31,3,0.790219530719002
"485","0110173E3A",2019-03-01,25,2,0.626869457572426
"486","0110173E3A",2019-03-02,32,3,0.735621939758795
"487","0110173E3A",2019-03-03,58,2,0.604907121170001
"488","0110173E3A",2019-03-04,33,3,0.527299758071634
"489","0110173E3A",2019-03-05,26,3,1.01009975935416
"490","0110173E3A",2019-03-06,19,2,0.206192050633232
"491","0110173E3A",2019-03-07,37,3,1.04705637003737
"492","0110173E3A",2019-03-15,16,1,0
"493","0110173E3A",2019-03-16,13,1,0
"494","0110173FFA",2019-01-26,34,1,0
"495","0110173FFA",2019-01-27,144,1,0
"496","0110173FFA",2019-01-28,72,2,0.252199520941538
"497","0110173FFA",2019-01-29,101,2,0.608326529516526
"498","0110173FFA",2019-01-30,97,1,0
"499","0110173FFA",2019-01-31,85,1,0
"500","0110173FFA",2019-02-01,62,1,0
"501","0110173FFA",2019-02-04,65,2,0.271189373041844
"502","0110173FFA",2019-02-05,104,1,0
"503","0110173FFA",2019-02-06,101,1,0
"504","0110173FFA",2019-02-07,67,2,0.492013811010805
"505","0110173FFA",2019-02-09,73,2,0.399454801523637
"506","0110173FFA",2019-02-10,190,2,0.336495757583516
"507","0110173FFA",2019-02-11,77,2,0.0693153717009415
"508","0110173FFA",2019-02-12,85,1,0
"509","0110173FFA",2019-02-13,80,1,0
"510","0110173FFA",2019-02-14,78,2,0.330680630831979
"511","0110173FFA",2019-02-15,88,2,0.0621776517174248
"512","0110173FFA",2019-02-16,81,1,0
"513","0110173FFA",2019-02-17,75,1,0
"514","0110173FFA",2019-02-18,97,1,0
"515","0110173FFA",2019-02-19,93,1,0
"516","0110173FFA",2019-02-20,29,2,0.149994923610415
"517","0110173FFA",2019-02-21,49,2,0.556660245757722
"518","0110173FFA",2019-02-22,86,2,0.639167048158425
"519","0110173FFA",2019-02-23,45,2,0.392674467227552
"520","0110173FFA",2019-02-24,17,2,0.677494404448707
"521","0110173FFA",2019-02-25,40,1,0
"522","0110173FFA",2019-02-26,108,2,0.24001508597279
"523","0110173FFA",2019-02-27,101,1,0
"524","0110173FFA",2019-02-28,62,2,0.280342258775094
"525","0110173FFA",2019-03-01,37,2,0.281401839591419
"526","0110173FFA",2019-03-02,76,1,0
"527","0110173FFA",2019-03-03,101,1,0
"528","0110173FFA",2019-03-04,91,1,0
"529","0110173FFA",2019-03-05,91,1,0
"530","0110173FFA",2019-03-06,42,1,0
"531","0110173FFA",2019-03-07,64,2,0.669026836160278
"532","0110173FFA",2019-03-08,68,2,0.465999256961043
"533","0110173FFA",2019-03-09,60,1,0
"534","0110173FFA",2019-03-11,16,1,0
"535","0110173FFA",2019-03-15,57,1,0
"536","0110173FFA",2019-03-16,48,1,0
"537","01101747D3",2019-01-24,138,2,0.581375895528194
"538","01101747D3",2019-01-25,130,2,0.634722055857337
"539","01101747D3",2019-01-26,67,3,0.723268501536456
"540","01101747D3",2019-01-27,16,1,0
"541","01101747D3",2019-01-29,70,1,0
"542","01101747D3",2019-01-30,118,2,0.584435333216572
"543","01101747D3",2019-01-31,242,2,0.172124002369396
"544","01101747D3",2019-02-01,137,3,0.82021383664855
"545","01101747D3",2019-02-02,151,2,0.692598858764456
"546","01101747D3",2019-02-03,102,2,0.577921794682897
"547","01101747D3",2019-02-04,125,2,0.620691563887438
"548","01101747D3",2019-02-05,118,1,0
"549","01101747D3",2019-02-06,185,1,0
"550","01101747D3",2019-02-07,102,1,0
"551","01101747D3",2019-02-11,61,2,0.196094659620907
"552","01101747D3",2019-02-12,96,2,0.261118941993382
"553","01101747D3",2019-02-13,69,1,0
"554","01101747D3",2019-02-14,49,2,0.170529856447511
"555","01101747D3",2019-02-15,17,1,0
"556","01101747D3",2019-02-16,150,2,0.687447454454173
"557","01101747D3",2019-02-17,177,3,0.758989019250041
"558","01101747D3",2019-02-18,128,3,0.802460084994574
"559","01101747D3",2019-02-19,149,2,0.676637947632344
"560","01101747D3",2019-02-20,32,1,0
"561","01101747D3",2019-02-22,79,2,0.379837729085359
"562","01101747D3",2019-02-23,75,2,0.208215464010804
"563","01101747D3",2019-02-24,90,1,0
"564","01101747D3",2019-02-25,139,1,0
"565","01101747D3",2019-02-26,188,3,0.691008599360318
"566","01101747D3",2019-02-27,205,2,0.620845774853819
"567","01101747D3",2019-02-28,85,2,0.44739156373094
"568","01101747D3",2019-03-01,19,1,0
"569","01101747D3",2019-03-02,94,2,0.589709314817517
"570","01101747D3",2019-03-03,176,3,0.743262521128686
"571","01101747D3",2019-03-04,149,3,0.935646038294193
"572","01101747D3",2019-03-07,58,2,0.149994923610415
"573","01101747D3",2019-03-08,66,1,0
"574","01101747D3",2019-03-11,15,1,0
"575","01101747D3",2019-03-16,30,1,0
"576","01101748C7",2019-01-24,105,1,0
"577","01101748C7",2019-01-25,175,2,0.0624674584421675
"578","01101748C7",2019-01-26,119,2,0.535492026971793
"579","01101748C7",2019-01-27,15,1,0
"580","01101748C7",2019-01-29,68,1,0
"581","01101748C7",2019-01-30,244,3,0.719992999312431
"582","01101748C7",2019-01-31,185,3,0.639794318667404
"583","01101748C7",2019-02-01,138,3,0.838323070994044
"584","01101748C7",2019-02-02,113,2,0.319210164236432
"585","01101748C7",2019-02-03,97,1,0
"586","01101748C7",2019-02-04,56,1,0
"587","01101748C7",2019-02-05,124,1,0
"588","01101748C7",2019-02-06,206,1,0
"589","01101748C7",2019-02-07,163,1,0
"590","01101748C7",2019-02-11,57,1,0
"591","01101748C7",2019-02-12,110,1,0
"592","01101748C7",2019-02-13,118,2,0.32879120265774
"593","01101748C7",2019-02-14,46,1,0
"594","01101748C7",2019-02-15,28,1,0
"595","01101748C7",2019-02-16,95,2,0.288934379428041
"596","01101748C7",2019-02-17,174,3,0.662292564068979
"597","01101748C7",2019-02-18,154,3,1.00084056490471
"598","01101748C7",2019-02-19,200,3,0.623800836921774
"599","01101748C7",2019-02-20,64,1,0
"600","01101748C7",2019-02-21,12,1,0
"601","01101748C7",2019-02-22,63,4,0.587296021234191
"602","01101748C7",2019-02-23,194,1,0
"603","01101748C7",2019-02-24,120,3,0.769901009563201
"604","01101748C7",2019-02-25,187,3,0.743734825677955
"605","01101748C7",2019-02-26,220,5,1.49450044537986
"606","01101748C7",2019-02-27,179,2,0.18258133379945
"607","01101748C7",2019-02-28,139,4,0.790281897246057
"608","01101748C7",2019-03-01,68,4,1.24185648570884
"609","01101748C7",2019-03-02,203,3,0.692939201173402
"610","01101748C7",2019-03-03,221,3,0.801761747141326
"611","01101748C7",2019-03-04,254,6,1.20251933704621
"612","01101748C7",2019-03-05,161,3,0.768506049990381
"613","01101748C7",2019-03-06,189,4,1.0519630544318
"614","01101748C7",2019-03-07,178,4,0.829805574358229
"615","01101748C7",2019-03-08,195,2,0.66381251797752
"616","01101748C7",2019-03-09,180,1,0
"617","01101748C7",2019-03-11,42,2,0.688605152318301
"618","01101748C7",2019-03-15,85,1,0
"619","01101748C7",2019-03-16,106,1,0
"620","01101748C7",2019-03-17,17,1,0
"621","0110174B57",2019-01-24,90,2,0.610864302054894
"622","0110174B57",2019-01-25,127,2,0.235122298949058
"623","0110174B57",2019-01-26,59,3,0.813971211893551
"624","0110174B57",2019-01-27,30,1,0
"625","0110174B57",2019-01-29,54,2,0.214559155176405
"626","0110174B57",2019-01-30,87,3,0.686512476164951
"627","0110174B57",2019-01-31,105,2,0.161842734486602
"628","0110174B57",2019-02-01,192,3,0.637309433437358
"629","0110174B57",2019-02-02,111,2,0.689856498589211
"630","0110174B57",2019-02-03,121,2,0.577673307615322
"631","0110174B57",2019-02-04,36,2,0.691603175869498
"632","0110174B57",2019-02-05,58,1,0
"633","0110174B57",2019-02-06,124,1,0
"634","0110174B57",2019-02-07,80,1,0
"635","0110174B57",2019-02-11,70,1,0
"636","0110174B57",2019-02-12,78,1,0
"637","0110174B57",2019-02-13,74,1,0
"638","0110174B57",2019-02-14,24,1,0
"639","0110174B57",2019-02-16,84,2,0.688605152318301
"640","0110174B57",2019-02-17,119,2,0.619838274258546
"641","0110174B57",2019-02-18,75,2,0.605109374974372
"642","0110174B57",2019-02-19,113,2,0.549852749155539
"643","0110174B57",2019-02-20,39,2,0.202273001797436
"644","0110174B57",2019-02-22,47,3,0.773999096762002
"645","0110174B57",2019-02-23,79,2,0.467144369456515
"646","0110174B57",2019-02-24,117,1,0
"647","0110174B57",2019-02-25,89,1,0
"648","0110174B57",2019-02-26,108,3,0.731310402262311
"649","0110174B57",2019-02-27,140,2,0.693045136272559
"650","0110174B57",2019-02-28,89,2,0.275463905473084
"651","0110174B57",2019-03-01,11,1,0
"652","0110174B57",2019-03-02,54,2,0.308495450831104
"653","0110174B57",2019-03-03,103,3,0.644496717893849
"654","0110174B57",2019-03-04,124,3,0.758039978285956
"655","0110174B57",2019-03-07,30,1,0
"656","0110174B57",2019-03-08,77,2,0.0693153717009415
"657","0110174B57",2019-03-11,20,1,0
"658","0110174B57",2019-03-15,17,1,0
"659","0110174B57",2019-03-16,12,1,0
"660","0110175F3E",2019-01-24,21,1,0
"661","0110175F3E",2019-01-25,56,1,0
"662","0110175F3E",2019-01-26,88,1,0
"663","0110175F3E",2019-01-27,107,1,0
"664","0110175F3E",2019-01-28,68,1,0
"665","0110175F3E",2019-01-29,63,1,0
"666","0110175F3E",2019-01-30,85,1,0
"667","0110175F3E",2019-02-01,26,1,0
"668","0110175F3E",2019-02-04,28,1,0
"669","0110175F3E",2019-02-14,12,1,0
"670","0110175F3E",2019-02-15,63,1,0
"671","0110175F3E",2019-02-19,19,1,0
"672","0110175F3E",2019-02-20,33,1,0
"673","0110175F3E",2019-02-21,15,1,0
"674","0110175F3E",2019-02-25,16,1,0
"675","0110175F3E",2019-02-28,50,1,0
"676","0110175F3E",2019-03-01,87,1,0
"677","0110175F3E",2019-03-02,12,1,0
"678","0110175F3E",2019-03-05,34,1,0
"679","0110175F3E",2019-03-06,51,1,0
"680","0110175F3E",2019-03-07,43,1,0
"681","0110175F3E",2019-03-08,31,1,0
"682","0700EDA0C9",2019-01-29,63,1,0
"683","0700EDA0C9",2019-01-30,189,1,0
"684","0700EDA0C9",2019-01-31,120,1,0
"685","0700EDA0C9",2019-02-01,136,1,0
"686","0700EDA0C9",2019-02-02,119,1,0
"687","0700EDA0C9",2019-02-03,113,1,0
"688","0700EDA0C9",2019-02-04,48,1,0
"689","0700EDA0C9",2019-02-05,81,1,0
"690","0700EDA0C9",2019-02-06,142,1,0
"691","0700EDA0C9",2019-02-07,145,1,0
"692","0700EDA0C9",2019-02-11,27,1,0
"693","0700EDA0C9",2019-02-12,79,1,0
"694","0700EDA0C9",2019-02-13,110,1,0
"695","0700EDA0C9",2019-02-14,52,1,0
"696","0700EDA0C9",2019-02-15,21,1,0
"697","0700EDA0C9",2019-02-16,102,1,0
"698","0700EDA0C9",2019-02-17,145,1,0
"699","0700EDA0C9",2019-02-18,157,1,0
"700","0700EDA0C9",2019-02-19,170,1,0
"701","0700EDA0C9",2019-02-22,26,1,0
"702","0700EDA0C9",2019-02-23,144,2,0.609682902521901
"703","0700EDA0C9",2019-02-24,18,1,0
"704","0700EDA0C9",2019-02-26,65,1,0
"705","0700EDA0C9",2019-02-27,120,1,0
"706","0700EDA0C9",2019-03-01,18,1,0
"707","0700EDA0C9",2019-03-02,93,1,0
"708","0700EDA0C9",2019-03-03,182,1,0
"709","0700EDA0C9",2019-03-04,180,1,0
"710","0700EDA0C9",2019-03-05,11,1,0
"711","0700EDA0C9",2019-03-06,35,1,0
"712","0700EDA0C9",2019-03-07,33,1,0
"713","0700EDA0C9",2019-03-08,15,1,0
"714","0700EDA0C9",2019-03-15,37,1,0
"715","0700EDE823",2019-01-27,41,1,0
"716","0700EDE823",2019-01-29,43,1,0
"717","0700EDE823",2019-01-30,55,1,0
"718","0700EDE823",2019-01-31,75,1,0
"719","0700EDE823",2019-02-01,48,1,0
"720","0700EDE823",2019-02-04,42,1,0
"721","0700EDE823",2019-02-05,29,2,0.149994923610415
"722","0700EDE823",2019-02-07,45,1,0
"723","0700EDE823",2019-02-09,39,3,0.725900441539922
"724","0700EDE823",2019-02-10,33,2,0.369333121645653
"725","0700EDE823",2019-02-11,23,1,0
"726","0700EDE823",2019-02-13,41,2,0.642001383857222
"727","0700EDE823",2019-02-14,32,1,0
"728","0700EDE823",2019-02-15,19,2,0.57633412775675
"729","0700EDE823",2019-02-16,34,1,0
"730","0700EDE823",2019-02-17,18,1,0
"731","0700EDE823",2019-02-18,52,1,0
"732","0700EDE823",2019-02-20,30,1,0
"733","0700EDE823",2019-02-21,44,2,0.655481773901393
"734","0700EDE823",2019-02-22,13,2,0.429323021930616
"735","0700EDE823",2019-02-24,12,1,0
"736","0700EDE823",2019-02-25,68,1,0
"737","0700EDE823",2019-02-26,72,3,0.625391344564676
"738","0700EDE823",2019-02-27,13,1,0
"739","0700EDFFDB",2019-01-27,11,1,0
"740","0700EDFFDB",2019-02-18,19,1,0
"741","0700EDFFDB",2019-02-19,24,2,0.636514168294813
"742","0700EDFFDB",2019-02-20,44,1,0
"743","0700EDFFDB",2019-02-24,79,1,0
"744","0700EDFFDB",2019-02-25,142,1,0
"745","0700EDFFDB",2019-02-26,80,1,0
"746","0700EDFFDB",2019-02-27,164,1,0
"747","0700EDFFDB",2019-02-28,72,1,0
"748","0700EDFFDB",2019-03-01,66,2,0.625491359725573
"749","0700EDFFDB",2019-03-02,57,1,0
"750","0700EDFFDB",2019-03-03,114,2,0.354869379552678
"751","0700EDFFDB",2019-03-04,17,1,0
"752","0700EDFFDB",2019-03-05,34,2,0.362210557135449
"753","0700EDFFDB",2019-03-06,30,3,0.91832022683214
"754","0700EDFFDB",2019-03-07,21,1,0
"755","0700EDFFDB",2019-03-08,58,3,0.744129541411298
"756","0700EE08C5",2019-01-24,56,1,0
"757","0700EE08C5",2019-01-25,63,1,0
"758","0700EE08C5",2019-01-26,66,1,0
"759","0700EE08C5",2019-01-27,60,1,0
"760","0700EE08C5",2019-01-28,36,1,0
"761","0700EE08C5",2019-01-29,68,1,0
"762","0700EE08C5",2019-01-30,81,1,0
"763","0700EE08C5",2019-02-01,24,1,0
"764","0700EE08C5",2019-02-04,24,1,0
"765","0700EE08C5",2019-02-15,61,1,0
"766","0700EE08C5",2019-02-16,15,1,0
"767","0700EE08C5",2019-02-19,60,1,0
"768","0700EE08C5",2019-02-20,94,1,0
"769","0700EE08C5",2019-02-21,74,1,0
"770","0700EE08C5",2019-02-25,22,2,0.304636097349238
"771","0700EE08C5",2019-02-28,22,1,0
"772","0700EE08C5",2019-03-01,39,1,0
"773","0700EE08C5",2019-03-03,31,1,0
"774","0700EE08C5",2019-03-05,26,1,0
"775","0700EE08C5",2019-03-06,54,1,0
"776","0700EE08C5",2019-03-07,53,1,0
"777","0700EE08C5",2019-03-08,17,1,0
"778","0700EE1540",2019-01-29,18,1,0
"779","0700EE1540",2019-01-30,69,1,0
"780","0700EE1540",2019-01-31,43,1,0
"781","0700EE1540",2019-02-01,35,1,0
"782","0700EE1540",2019-02-05,35,2,0.458144179061526
"783","0700EE1540",2019-02-06,23,2,0.669327963292645
"784","0700EE1540",2019-02-07,107,2,0.677297697498635
"785","0700EE1540",2019-02-10,26,1,0
"786","0700EE1540",2019-02-11,53,2,0.534908243130752
"787","0700EE1540",2019-02-12,15,2,0.392674467227552
"788","0700EE1540",2019-02-15,20,2,0.562335144618808
"789","0700EE1540",2019-02-16,48,3,0.872228355517782
"790","0700EE1540",2019-02-18,15,3,0.882310924515076
"791","0700EE1540",2019-02-19,17,3,0.923840705630872
"792","0700EE1540",2019-02-20,14,2,0.598269588585257
"793","0700EE1540",2019-02-21,41,2,0.624643580560267
"794","0700EE1540",2019-02-22,28,2,0.562335144618808
"795","0700EE1540",2019-02-23,36,2,0.679193265991526
"796","0700EE1540",2019-02-26,38,2,0.206192050633232
"797","0700EE1540",2019-02-27,12,2,0.693147180559945
"798","0700EE1540",2019-03-03,53,3,1.00900266390346
"799","0700EE1ECE",2019-01-24,84,1,0
"800","0700EE1ECE",2019-01-25,50,1,0
"801","0700EE1ECE",2019-01-26,89,1,0
"802","0700EE1ECE",2019-01-27,88,2,0.0621776517174248
"803","0700EE1ECE",2019-01-28,92,1,0
"804","0700EE1ECE",2019-01-29,122,2,0.115401925501483
"805","0700EE1ECE",2019-01-30,102,3,0.250221676587381
"806","0700EE1ECE",2019-02-01,37,1,0
"807","0700EE1ECE",2019-02-04,26,1,0
"808","0700EE1ECE",2019-02-11,142,1,0
"809","0700EE1ECE",2019-02-13,123,2,0.624643580560267
"810","0700EE1ECE",2019-02-14,13,1,0
"811","0700EE1ECE",2019-02-15,143,3,0.436510117357109
"812","0700EE1ECE",2019-02-16,92,3,1.09085535709095
"813","0700EE1ECE",2019-02-17,14,1,0
"814","0700EE1ECE",2019-02-18,54,3,0.964962923007428
"815","0700EE1ECE",2019-02-19,120,3,0.719208606983131
"816","0700EE1ECE",2019-02-20,63,2,0.692012964831874
"817","0700EE1ECE",2019-02-21,162,3,0.890179930988994
"818","0700EE1ECE",2019-02-22,119,3,0.601874669201981
"819","0700EE1ECE",2019-02-23,79,3,0.637879554897713
"820","0700EE1ECE",2019-02-24,15,2,0.392674467227552
"821","0700EE1ECE",2019-02-25,71,4,0.925385866827477
"822","0700EE1ECE",2019-02-26,18,4,1.14905969697062
"823","0700EE1ECE",2019-02-27,15,1,0
"824","0700EE1ECE",2019-02-28,16,2,0.482577565177012
"825","0700EE1ECE",2019-03-01,52,1,0
"826","0700EE1ECE",2019-03-02,23,2,0.387212375186361
"827","0700EE1ECE",2019-03-03,34,1,0
"828","0700EE1ECE",2019-03-05,22,1,0
"829","0700EE1ECE",2019-03-06,47,1,0
"830","0700EE1ECE",2019-03-07,34,2,0.362210557135449
"831","0700EE1ECE",2019-03-08,101,3,0.850721844016941
"832","0700EE257D",2019-01-25,95,1,0
"833","0700EE257D",2019-01-26,199,4,1.37005956652559
"834","0700EE257D",2019-01-27,205,4,1.18032496637869
"835","0700EE257D",2019-01-28,158,4,0.942633882984416
"836","0700EE257D",2019-01-29,158,4,1.35263976433619
"837","0700EE257D",2019-01-30,180,4,1.17650625211505
"838","0700EE257D",2019-01-31,119,3,0.921237245538351
"839","0700EE257D",2019-02-01,128,3,0.313259854689094
"840","0700EE257D",2019-02-04,168,4,1.05043540387679
"841","0700EE257D",2019-02-05,144,3,0.885273911507475
"842","0700EE257D",2019-02-06,124,2,0.655070336697302
"843","0700EE257D",2019-02-07,90,2,0.450561208866305
"844","0700EE257D",2019-02-09,237,3,0.962965800063832
"845","0700EE257D",2019-02-10,247,3,0.840456776781999
"846","0700EE257D",2019-02-11,139,3,0.836525949299563
"847","0700EE257D",2019-02-12,203,3,0.863632255127482
"848","0700EE257D",2019-02-13,217,3,0.679499718657863
"849","0700EE257D",2019-02-14,63,2,0.686961576597323
"850","0700EE257D",2019-02-15,120,3,0.696319753970182
"851","0700EE257D",2019-02-16,115,3,0.571362280294855
"852","0700EE257D",2019-02-17,109,2,0.670716524902838
"853","0700EE257D",2019-02-18,135,2,0.675901030574011
"854","0700EE257D",2019-02-19,144,2,0.603637251500326
"855","0700EE257D",2019-02-20,88,2,0.686676600768242
"856","0700EE257D",2019-02-21,71,2,0.17504099228104
"857","0700EE257D",2019-02-22,194,4,0.470518751481933
"858","0700EE257D",2019-02-23,85,2,0.189762327396821
"859","0700EE257D",2019-02-24,82,2,0.649682046192665
"860","0700EE257D",2019-02-25,147,1,0
"861","0700EE257D",2019-02-26,179,2,0.673907337368241
"862","0700EE257D",2019-02-27,109,2,0.579295498343655
"863","0700EE257D",2019-02-28,241,2,0.672332954105196
"864","0700EE257D",2019-03-01,126,2,0.630870704280418
"865","0700EE257D",2019-03-02,71,2,0.664201859090324
"866","0700EE257D",2019-03-03,123,2,0.668857062374027
"867","0700EE257D",2019-03-04,134,2,0.638224509310428
"868","0700EE257D",2019-03-05,125,2,0.426162660661969
"869","0700EE257D",2019-03-06,128,2,0.657441835725552
"870","0700EE257D",2019-03-07,91,2,0.212825912671002
"871","0700EE257D",2019-03-08,78,1,0
"872","0700EE257D",2019-03-11,138,1,0
"873","0700EE257D",2019-03-15,302,2,0.187647477991538
"874","0700EE257D",2019-03-16,357,2,0.32075320526023
"875","0700EE257D",2019-03-17,58,2,0.48572257466444
"876","0700EE27B1",2019-01-26,22,4,0.993230217139768
"877","0700EE27B1",2019-01-27,84,3,0.564379226316383
"878","0700EE27B1",2019-01-28,66,1,0
"879","0700EE27B1",2019-01-29,63,2,0.277215929981012
"880","0700EE27B1",2019-01-30,156,3,0.825443416902404
"881","0700EE27B1",2019-01-31,39,2,0.382960430767595
"882","0700EE27B1",2019-02-01,30,2,0.636514168294813
"883","0700EE27B1",2019-02-04,27,1,0
"884","0700EE27B1",2019-02-05,106,2,0.646860682932377
"885","0700EE27B1",2019-02-06,111,3,0.856277565381174
"886","0700EE27B1",2019-02-07,87,1,0
"887","0700EE27B1",2019-02-09,65,2,0.658545013538294
"888","0700EE27B1",2019-02-10,133,3,0.622433540096261
"889","0700EE27B1",2019-02-11,105,3,0.689279522961677
"890","0700EE27B1",2019-02-12,73,3,0.838578723232483
"891","0700EE27B1",2019-02-13,96,2,0.376770161256437
"892","0700EE27B1",2019-02-14,67,1,0
"893","0700EE27B1",2019-02-15,89,1,0
"894","0700EE27B1",2019-02-16,130,2,0.658545013538294
"895","0700EE27B1",2019-02-17,159,2,0.298003603065534
"896","0700EE27B1",2019-02-18,35,2,0.355382896246011
"897","0700EE27B1",2019-02-19,43,1,0
"898","0700EE27B1",2019-02-20,51,2,0.660298387748765
"899","0700EE27B1",2019-02-21,93,1,0
"900","0700EE27B1",2019-02-22,81,2,0.513793053635714
"901","0700EE27B1",2019-02-23,144,2,0.577085396482377
"902","0700EE27B1",2019-02-24,47,2,0.488375362015832
"903","0700EE27B1",2019-02-25,191,1,0
"904","0700EE27B1",2019-02-26,193,2,0.683329511784246
"905","0700EE27B1",2019-02-27,180,3,0.685229083631001
"906","0700EE27B1",2019-02-28,128,3,0.638979409325395
"907","0700EE27B1",2019-03-01,165,3,0.810272234650761
"908","0700EE27B1",2019-03-02,138,3,0.613938061989667
"909","0700EE27B1",2019-03-03,237,1,0
"910","0700EE27B1",2019-03-04,195,3,0.769522245903022
"911","0700EE27B1",2019-03-05,184,2,0.68722812048581
"912","0700EE27B1",2019-03-06,192,2,0.366509696046688
"913","0700EE27B1",2019-03-07,156,2,0.689114801662292
"914","0700EE27B1",2019-03-08,129,3,0.843685226414932
"915","0700EE27B1",2019-03-09,42,1,0
"916","0700EE27B1",2019-03-11,37,2,0.52207706391324
"917","0700EE27B1",2019-03-15,129,3,0.452792510852947
"918","0700EE27B1",2019-03-16,103,1,0
"919","0700EE27B1",2019-03-17,20,1,0
"920","0700EE315A",2019-01-24,50,1,0
"921","0700EE315A",2019-01-25,164,1,0
"922","0700EE315A",2019-01-26,82,1,0
"923","0700EE315A",2019-01-31,31,3,0.982798894577012
"924","0700EE315A",2019-02-01,142,1,0
"925","0700EE315A",2019-02-02,56,2,0.541852643916878
"926","0700EE315A",2019-02-03,60,1,0
"927","0700EE315A",2019-02-04,62,3,0.578532843714968
"928","0700EE315A",2019-02-05,238,1,0
"929","0700EE315A",2019-02-14,26,2,0.540204142388861
"930","0700EE315A",2019-02-15,112,1,0
"931","0700EE315A",2019-02-16,55,3,0.860031726199957
"932","0700EE315A",2019-02-17,136,1,0
"933","0700EE315A",2019-02-18,164,1,0
"934","0700EE315A",2019-02-19,175,1,0
"935","0700EE315A",2019-02-20,89,1,0
"936","0700EE315A",2019-02-22,40,1,0
"937","0700EE315A",2019-02-23,101,1,0
"938","0700EE315A",2019-02-24,106,2,0.243267054426109
"939","0700EE315A",2019-02-25,143,1,0
"940","0700EE315A",2019-02-26,129,1,0
"941","0700EE315A",2019-02-27,143,1,0
"942","0700EE315A",2019-02-28,75,1,0
"943","0700EE315A",2019-03-02,84,2,0.340499778471299
"944","0700EE315A",2019-03-03,107,1,0
"945","0700EE315A",2019-03-04,118,1,0
"946","0700EE315A",2019-03-07,33,1,0
"947","0700EE315A",2019-03-08,81,1,0
"948","0700EE3187",2019-01-24,35,1,0
"949","0700EE3187",2019-01-25,96,1,0
"950","0700EE3187",2019-01-26,64,1,0
"951","0700EE3187",2019-01-27,118,1,0
"952","0700EE3187",2019-01-28,71,1,0
"953","0700EE3187",2019-01-29,68,1,0
"954","0700EE3187",2019-01-30,94,1,0
"955","0700EE3187",2019-02-01,30,1,0
"956","0700EE3187",2019-02-04,22,1,0
"957","0700EE3187",2019-02-14,30,1,0
"958","0700EE3187",2019-02-15,47,1,0
"959","0700EE3187",2019-02-19,38,2,0.389377236290482
"960","0700EE3187",2019-02-20,55,1,0
"961","0700EE3187",2019-02-21,14,1,0
"962","0700EE3187",2019-02-28,28,1,0
"963","0700EE3187",2019-03-01,91,1,0
"964","0700EE3187",2019-03-02,19,1,0
"965","0700EE3187",2019-03-03,50,1,0
"966","0700EE3187",2019-03-05,21,1,0
"967","0700EE3187",2019-03-06,53,2,0.160680562041546
"968","0700EE3187",2019-03-07,33,1,0
"969","0700EE3187",2019-03-08,47,1,0
