"","Date","RFID","Species","Sex","sumvisits","nightlows"
"1",2019-01-27,"011016B9B5","WBNU","M",20,-6.722222222
"2",2019-01-28,"011016B9B5","WBNU","M",1,-10.61111111
"3",2019-01-29,"011016B9B5","WBNU","M",9,-18.88888889
"4",2019-01-30,"011016B9B5","WBNU","M",33,-22.22222222
"5",2019-01-31,"011016B9B5","WBNU","M",28,-17.77777778
"6",2019-02-01,"011016B9B5","WBNU","M",19,-11.72222222
"7",2019-02-02,"011016B9B5","WBNU","M",2,1.111111111
"8",2019-02-04,"011016B9B5","WBNU","M",5,-12.22222222
"9",2019-02-05,"011016B9B5","WBNU","M",2,-13.27777778
"10",2019-02-06,"011016B9B5","WBNU","M",8,-13.27777778
"11",2019-02-09,"011016B9B5","WBNU","M",11,-12.22222222
"12",2019-02-10,"011016B9B5","WBNU","M",20,-3.277777778
"13",2019-02-11,"011016B9B5","WBNU","M",3,-3.277777778
"14",2019-02-15,"011016B9B5","WBNU","M",8,-13.27777778
"15",2019-02-16,"011016B9B5","WBNU","M",1,-16.72222222
"16",2019-02-17,"011016B9B5","WBNU","M",2,-10
"17",2019-02-18,"011016B9B5","WBNU","M",6,-13.27777778
"18",2019-02-19,"011016B9B5","WBNU","M",19,-16.11111111
"19",2019-02-20,"011016B9B5","WBNU","M",13,-9.388888889
"20",2019-02-21,"011016B9B5","WBNU","M",16,-18.88888889
"21",2019-02-24,"011016B9B5","WBNU","M",4,-17.77777778
"22",2019-02-25,"011016B9B5","WBNU","M",9,-21.72222222
"23",2019-02-26,"011016B9B5","WBNU","M",10,-16.11111111
"24",2019-02-27,"011016B9B5","WBNU","M",7,-15.61111111
"25",2019-02-28,"011016B9B5","WBNU","M",37,-13.88888889
"26",2019-03-01,"011016B9B5","WBNU","M",52,-12.77777778
"27",2019-03-02,"011016B9B5","WBNU","M",25,-13.27777778
"28",2019-03-03,"011016B9B5","WBNU","M",12,-21.11111111
"29",2019-03-04,"011016B9B5","WBNU","M",3,-22.22222222
"30",2019-03-06,"011016B9B5","WBNU","M",3,-17.22222222
"31",2019-01-26,"011016BF63","WBNU","F",12,-6.722222222
"32",2019-01-27,"011016BF63","WBNU","F",20,-6.722222222
"33",2019-01-28,"011016BF63","WBNU","F",28,-10.61111111
"34",2019-01-29,"011016BF63","WBNU","F",52,-18.88888889
"35",2019-01-30,"011016BF63","WBNU","F",36,-22.22222222
"36",2019-01-31,"011016BF63","WBNU","F",10,-17.77777778
"37",2019-02-04,"011016BF63","WBNU","F",5,-12.22222222
"38",2019-02-05,"011016BF63","WBNU","F",41,-13.27777778
"39",2019-02-06,"011016BF63","WBNU","F",36,-13.27777778
"40",2019-02-07,"011016BF63","WBNU","F",27,-15.61111111
"41",2019-02-09,"011016BF63","WBNU","F",15,-12.22222222
"42",2019-02-10,"011016BF63","WBNU","F",21,-3.277777778
"43",2019-02-11,"011016BF63","WBNU","F",7,-3.277777778
"44",2019-02-12,"011016BF63","WBNU","F",24,-8.277777778
"45",2019-02-13,"011016BF63","WBNU","F",8,-9.388888889
"46",2019-02-14,"011016BF63","WBNU","F",6,-11.72222222
"47",2019-02-15,"011016BF63","WBNU","F",26,-13.27777778
"48",2019-02-16,"011016BF63","WBNU","F",12,-16.72222222
"49",2019-02-17,"011016BF63","WBNU","F",48,-10
"50",2019-02-18,"011016BF63","WBNU","F",6,-13.27777778
"51",2019-02-19,"011016BF63","WBNU","F",10,-16.11111111
"52",2019-02-20,"011016BF63","WBNU","F",9,-9.388888889
"53",2019-02-24,"011016BF63","WBNU","F",5,-17.77777778
"54",2019-02-25,"011016BF63","WBNU","F",5,-21.72222222
"55",2019-02-26,"011016BF63","WBNU","F",7,-16.11111111
"56",2019-03-01,"011016BF63","WBNU","F",9,-12.77777778
"57",2019-03-02,"011016BF63","WBNU","F",21,-13.27777778
"58",2019-03-03,"011016BF63","WBNU","F",31,-21.11111111
"59",2019-03-04,"011016BF63","WBNU","F",27,-22.22222222
"60",2019-03-05,"011016BF63","WBNU","F",22,-13.27777778
"61",2019-03-07,"011016BF63","WBNU","F",15,-3.888888889
"62",2019-03-08,"011016BF63","WBNU","F",4,-11.72222222
"63",2019-01-26,"011016FD8E","DOWO","M",62,-6.722222222
"64",2019-01-27,"011016FD8E","DOWO","M",121,-6.722222222
"65",2019-01-28,"011016FD8E","DOWO","M",16,-10.61111111
"66",2019-01-29,"011016FD8E","DOWO","M",58,-18.88888889
"67",2019-01-30,"011016FD8E","DOWO","M",132,-22.22222222
"68",2019-01-31,"011016FD8E","DOWO","M",60,-17.77777778
"69",2019-02-01,"011016FD8E","DOWO","M",33,-11.72222222
"70",2019-02-02,"011016FD8E","DOWO","M",1,1.111111111
"71",2019-02-03,"011016FD8E","DOWO","M",2,-1.111111111
"72",2019-02-05,"011016FD8E","DOWO","M",35,-13.27777778
"73",2019-02-06,"011016FD8E","DOWO","M",57,-13.27777778
"74",2019-02-07,"011016FD8E","DOWO","M",4,-15.61111111
"75",2019-02-09,"011016FD8E","DOWO","M",34,-12.22222222
"76",2019-02-10,"011016FD8E","DOWO","M",65,-3.277777778
"77",2019-02-11,"011016FD8E","DOWO","M",50,-3.277777778
"78",2019-02-12,"011016FD8E","DOWO","M",52,-8.277777778
"79",2019-02-13,"011016FD8E","DOWO","M",80,-9.388888889
"80",2019-02-15,"011016FD8E","DOWO","M",31,-13.27777778
"81",2019-02-16,"011016FD8E","DOWO","M",59,-16.72222222
"82",2019-02-17,"011016FD8E","DOWO","M",12,-10
"83",2019-02-18,"011016FD8E","DOWO","M",29,-13.27777778
"84",2019-02-19,"011016FD8E","DOWO","M",64,-16.11111111
"85",2019-02-20,"011016FD8E","DOWO","M",70,-9.388888889
"86",2019-02-21,"011016FD8E","DOWO","M",54,-18.88888889
"87",2019-02-22,"011016FD8E","DOWO","M",64,-6.722222222
"88",2019-02-23,"011016FD8E","DOWO","M",15,-5
"89",2019-02-24,"011016FD8E","DOWO","M",24,-17.77777778
"90",2019-02-25,"011016FD8E","DOWO","M",39,-21.72222222
"91",2019-02-26,"011016FD8E","DOWO","M",80,-16.11111111
"92",2019-02-27,"011016FD8E","DOWO","M",59,-15.61111111
"93",2019-02-28,"011016FD8E","DOWO","M",111,-13.88888889
"94",2019-03-01,"011016FD8E","DOWO","M",135,-12.77777778
"95",2019-03-02,"011016FD8E","DOWO","M",88,-13.27777778
"96",2019-03-03,"011016FD8E","DOWO","M",86,-21.11111111
"97",2019-03-04,"011016FD8E","DOWO","M",35,-22.22222222
"98",2019-03-05,"011016FD8E","DOWO","M",26,-13.27777778
"99",2019-03-06,"011016FD8E","DOWO","M",116,-17.22222222
"100",2019-03-07,"011016FD8E","DOWO","M",112,-3.888888889
"101",2019-03-08,"011016FD8E","DOWO","M",76,-11.72222222
"102",2019-03-09,"011016FD8E","DOWO","M",14,-1.111111111
"103",2019-01-26,"011016FE79","WBNU","M",74,-6.722222222
"104",2019-01-27,"011016FE79","WBNU","M",57,-6.722222222
"105",2019-01-28,"011016FE79","WBNU","M",62,-10.61111111
"106",2019-01-29,"011016FE79","WBNU","M",54,-18.88888889
"107",2019-01-30,"011016FE79","WBNU","M",60,-22.22222222
"108",2019-01-31,"011016FE79","WBNU","M",21,-17.77777778
"109",2019-02-01,"011016FE79","WBNU","M",37,-11.72222222
"110",2019-02-04,"011016FE79","WBNU","M",25,-12.22222222
"111",2019-02-06,"011016FE79","WBNU","M",2,-13.27777778
"112",2019-02-11,"011016FE79","WBNU","M",3,-3.277777778
"113",2019-02-12,"011016FE79","WBNU","M",28,-8.277777778
"114",2019-02-13,"011016FE79","WBNU","M",14,-9.388888889
"115",2019-02-14,"011016FE79","WBNU","M",36,-11.72222222
"116",2019-02-15,"011016FE79","WBNU","M",58,-13.27777778
"117",2019-02-16,"011016FE79","WBNU","M",5,-16.72222222
"118",2019-02-18,"011016FE79","WBNU","M",5,-13.27777778
"119",2019-02-19,"011016FE79","WBNU","M",27,-16.11111111
"120",2019-02-20,"011016FE79","WBNU","M",21,-9.388888889
"121",2019-02-21,"011016FE79","WBNU","M",10,-18.88888889
"122",2019-02-22,"011016FE79","WBNU","M",4,-6.722222222
"123",2019-02-23,"011016FE79","WBNU","M",32,-5
"124",2019-02-24,"011016FE79","WBNU","M",5,-17.77777778
"125",2019-02-26,"011016FE79","WBNU","M",34,-16.11111111
"126",2019-02-27,"011016FE79","WBNU","M",166,-15.61111111
"127",2019-02-28,"011016FE79","WBNU","M",36,-13.88888889
"128",2019-03-01,"011016FE79","WBNU","M",2,-12.77777778
"129",2019-03-02,"011016FE79","WBNU","M",104,-13.27777778
"130",2019-03-03,"011016FE79","WBNU","M",261,-21.11111111
"131",2019-03-04,"011016FE79","WBNU","M",298,-22.22222222
"132",2019-03-05,"011016FE79","WBNU","M",42,-13.27777778
"133",2019-03-06,"011016FE79","WBNU","M",10,-17.22222222
"134",2019-03-07,"011016FE79","WBNU","M",36,-3.888888889
"135",2019-03-08,"011016FE79","WBNU","M",17,-11.72222222
"136",2019-01-30,"01101706AD","WBNU","F",53,-22.22222222
"137",2019-02-01,"01101706AD","WBNU","F",11,-11.72222222
"138",2019-02-04,"01101706AD","WBNU","F",15,-12.22222222
"139",2019-02-12,"01101706AD","WBNU","F",9,-8.277777778
"140",2019-02-13,"01101706AD","WBNU","F",9,-9.388888889
"141",2019-02-14,"01101706AD","WBNU","F",18,-11.72222222
"142",2019-02-15,"01101706AD","WBNU","F",50,-13.27777778
"143",2019-02-17,"01101706AD","WBNU","F",52,-10
"144",2019-02-18,"01101706AD","WBNU","F",32,-13.27777778
"145",2019-02-19,"01101706AD","WBNU","F",2,-16.11111111
"146",2019-02-20,"01101706AD","WBNU","F",5,-9.388888889
"147",2019-02-21,"01101706AD","WBNU","F",44,-18.88888889
"148",2019-02-22,"01101706AD","WBNU","F",75,-6.722222222
"149",2019-02-23,"01101706AD","WBNU","F",33,-5
"150",2019-02-24,"01101706AD","WBNU","F",29,-17.77777778
"151",2019-02-26,"01101706AD","WBNU","F",75,-16.11111111
"152",2019-02-27,"01101706AD","WBNU","F",29,-15.61111111
"153",2019-02-28,"01101706AD","WBNU","F",82,-13.88888889
"154",2019-03-01,"01101706AD","WBNU","F",58,-12.77777778
"155",2019-03-02,"01101706AD","WBNU","F",39,-13.27777778
"156",2019-03-03,"01101706AD","WBNU","F",22,-21.11111111
"157",2019-03-04,"01101706AD","WBNU","F",22,-22.22222222
"158",2019-03-05,"01101706AD","WBNU","F",48,-13.27777778
"159",2019-03-06,"01101706AD","WBNU","F",28,-17.22222222
"160",2019-03-07,"01101706AD","WBNU","F",106,-3.888888889
"161",2019-03-08,"01101706AD","WBNU","F",41,-11.72222222
"162",2019-01-26,"0110170BCF","DOWO","F",36,-6.722222222
"163",2019-01-27,"0110170BCF","DOWO","F",113,-6.722222222
"164",2019-01-28,"0110170BCF","DOWO","F",109,-10.61111111
"165",2019-01-29,"0110170BCF","DOWO","F",160,-18.88888889
"166",2019-01-30,"0110170BCF","DOWO","F",161,-22.22222222
"167",2019-01-31,"0110170BCF","DOWO","F",128,-17.77777778
"168",2019-02-01,"0110170BCF","DOWO","F",56,-11.72222222
"169",2019-02-04,"0110170BCF","DOWO","F",55,-12.22222222
"170",2019-02-05,"0110170BCF","DOWO","F",63,-13.27777778
"171",2019-02-06,"0110170BCF","DOWO","F",113,-13.27777778
"172",2019-02-07,"0110170BCF","DOWO","F",31,-15.61111111
"173",2019-02-09,"0110170BCF","DOWO","F",114,-12.22222222
"174",2019-02-10,"0110170BCF","DOWO","F",150,-3.277777778
"175",2019-02-11,"0110170BCF","DOWO","F",99,-3.277777778
"176",2019-02-12,"0110170BCF","DOWO","F",73,-8.277777778
"177",2019-02-13,"0110170BCF","DOWO","F",116,-9.388888889
"178",2019-02-14,"0110170BCF","DOWO","F",73,-11.72222222
"179",2019-02-15,"0110170BCF","DOWO","F",163,-13.27777778
"180",2019-02-16,"0110170BCF","DOWO","F",123,-16.72222222
"181",2019-02-17,"0110170BCF","DOWO","F",123,-10
"182",2019-02-18,"0110170BCF","DOWO","F",153,-13.27777778
"183",2019-02-19,"0110170BCF","DOWO","F",140,-16.11111111
"184",2019-02-20,"0110170BCF","DOWO","F",143,-9.388888889
"185",2019-02-21,"0110170BCF","DOWO","F",66,-18.88888889
"186",2019-02-22,"0110170BCF","DOWO","F",128,-6.722222222
"187",2019-02-23,"0110170BCF","DOWO","F",124,-5
"188",2019-02-24,"0110170BCF","DOWO","F",22,-17.77777778
"189",2019-02-25,"0110170BCF","DOWO","F",105,-21.72222222
"190",2019-02-26,"0110170BCF","DOWO","F",91,-16.11111111
"191",2019-02-27,"0110170BCF","DOWO","F",162,-15.61111111
"192",2019-02-28,"0110170BCF","DOWO","F",96,-13.88888889
"193",2019-03-01,"0110170BCF","DOWO","F",80,-12.77777778
"194",2019-03-02,"0110170BCF","DOWO","F",171,-13.27777778
"195",2019-03-03,"0110170BCF","DOWO","F",157,-21.11111111
"196",2019-03-04,"0110170BCF","DOWO","F",134,-22.22222222
"197",2019-03-05,"0110170BCF","DOWO","F",93,-13.27777778
"198",2019-03-06,"0110170BCF","DOWO","F",73,-17.22222222
"199",2019-03-07,"0110170BCF","DOWO","F",17,-3.888888889
"200",2019-03-08,"0110170BCF","DOWO","F",27,-11.72222222
"201",2019-03-09,"0110170BCF","DOWO","F",7,-1.111111111
"202",2019-01-26,"0110170F15","DOWO","M",58,-6.722222222
"203",2019-01-27,"0110170F15","DOWO","M",93,-6.722222222
"204",2019-01-28,"0110170F15","DOWO","M",56,-10.61111111
"205",2019-01-29,"0110170F15","DOWO","M",76,-18.88888889
"206",2019-01-30,"0110170F15","DOWO","M",177,-22.22222222
"207",2019-01-31,"0110170F15","DOWO","M",49,-17.77777778
"208",2019-02-01,"0110170F15","DOWO","M",25,-11.72222222
"209",2019-02-04,"0110170F15","DOWO","M",74,-12.22222222
"210",2019-02-05,"0110170F15","DOWO","M",97,-13.27777778
"211",2019-02-06,"0110170F15","DOWO","M",123,-13.27777778
"212",2019-02-07,"0110170F15","DOWO","M",89,-15.61111111
"213",2019-02-09,"0110170F15","DOWO","M",64,-12.22222222
"214",2019-02-10,"0110170F15","DOWO","M",169,-3.277777778
"215",2019-02-11,"0110170F15","DOWO","M",104,-3.277777778
"216",2019-02-12,"0110170F15","DOWO","M",77,-8.277777778
"217",2019-02-13,"0110170F15","DOWO","M",65,-9.388888889
"218",2019-02-14,"0110170F15","DOWO","M",21,-11.72222222
"219",2019-02-15,"0110170F15","DOWO","M",109,-13.27777778
"220",2019-02-16,"0110170F15","DOWO","M",70,-16.72222222
"221",2019-02-17,"0110170F15","DOWO","M",86,-10
"222",2019-02-18,"0110170F15","DOWO","M",48,-13.27777778
"223",2019-02-19,"0110170F15","DOWO","M",39,-16.11111111
"224",2019-02-20,"0110170F15","DOWO","M",54,-9.388888889
"225",2019-02-21,"0110170F15","DOWO","M",119,-18.88888889
"226",2019-02-22,"0110170F15","DOWO","M",68,-6.722222222
"227",2019-02-23,"0110170F15","DOWO","M",100,-5
"228",2019-02-24,"0110170F15","DOWO","M",61,-17.77777778
"229",2019-02-25,"0110170F15","DOWO","M",84,-21.72222222
"230",2019-02-26,"0110170F15","DOWO","M",85,-16.11111111
"231",2019-02-27,"0110170F15","DOWO","M",109,-15.61111111
"232",2019-02-28,"0110170F15","DOWO","M",77,-13.88888889
"233",2019-03-01,"0110170F15","DOWO","M",92,-12.77777778
"234",2019-03-02,"0110170F15","DOWO","M",101,-13.27777778
"235",2019-03-03,"0110170F15","DOWO","M",77,-21.11111111
"236",2019-03-04,"0110170F15","DOWO","M",88,-22.22222222
"237",2019-03-05,"0110170F15","DOWO","M",78,-13.27777778
"238",2019-03-06,"0110170F15","DOWO","M",89,-17.22222222
"239",2019-03-07,"0110170F15","DOWO","M",68,-3.888888889
"240",2019-03-08,"0110170F15","DOWO","M",68,-11.72222222
"241",2019-03-09,"0110170F15","DOWO","M",11,-1.111111111
"242",2019-01-26,"0110171671","WBNU","M",15,-6.722222222
"243",2019-01-27,"0110171671","WBNU","M",19,-6.722222222
"244",2019-01-28,"0110171671","WBNU","M",30,-10.61111111
"245",2019-01-29,"0110171671","WBNU","M",98,-18.88888889
"246",2019-01-30,"0110171671","WBNU","M",106,-22.22222222
"247",2019-01-31,"0110171671","WBNU","M",68,-17.77777778
"248",2019-02-01,"0110171671","WBNU","M",75,-11.72222222
"249",2019-02-02,"0110171671","WBNU","M",70,1.111111111
"250",2019-02-03,"0110171671","WBNU","M",12,-1.111111111
"251",2019-02-04,"0110171671","WBNU","M",72,-12.22222222
"252",2019-02-05,"0110171671","WBNU","M",57,-13.27777778
"253",2019-02-06,"0110171671","WBNU","M",106,-13.27777778
"254",2019-02-07,"0110171671","WBNU","M",77,-15.61111111
"255",2019-02-09,"0110171671","WBNU","M",63,-12.22222222
"256",2019-02-10,"0110171671","WBNU","M",134,-3.277777778
"257",2019-02-11,"0110171671","WBNU","M",111,-3.277777778
"258",2019-02-12,"0110171671","WBNU","M",112,-8.277777778
"259",2019-02-13,"0110171671","WBNU","M",140,-9.388888889
"260",2019-02-14,"0110171671","WBNU","M",95,-11.72222222
"261",2019-02-15,"0110171671","WBNU","M",137,-13.27777778
"262",2019-02-16,"0110171671","WBNU","M",88,-16.72222222
"263",2019-02-17,"0110171671","WBNU","M",121,-10
"264",2019-02-18,"0110171671","WBNU","M",49,-13.27777778
"265",2019-02-19,"0110171671","WBNU","M",27,-16.11111111
"266",2019-02-20,"0110171671","WBNU","M",33,-9.388888889
"267",2019-02-21,"0110171671","WBNU","M",46,-18.88888889
"268",2019-02-22,"0110171671","WBNU","M",71,-6.722222222
"269",2019-02-23,"0110171671","WBNU","M",35,-5
"270",2019-02-24,"0110171671","WBNU","M",45,-17.77777778
"271",2019-02-25,"0110171671","WBNU","M",25,-21.72222222
"272",2019-02-26,"0110171671","WBNU","M",107,-16.11111111
"273",2019-02-27,"0110171671","WBNU","M",61,-15.61111111
"274",2019-02-28,"0110171671","WBNU","M",48,-13.88888889
"275",2019-03-01,"0110171671","WBNU","M",63,-12.77777778
"276",2019-03-02,"0110171671","WBNU","M",86,-13.27777778
"277",2019-03-03,"0110171671","WBNU","M",79,-21.11111111
"278",2019-03-04,"0110171671","WBNU","M",75,-22.22222222
"279",2019-03-05,"0110171671","WBNU","M",88,-13.27777778
"280",2019-03-06,"0110171671","WBNU","M",39,-17.22222222
"281",2019-03-07,"0110171671","WBNU","M",71,-3.888888889
"282",2019-03-08,"0110171671","WBNU","M",57,-11.72222222
"283",2019-03-09,"0110171671","WBNU","M",11,-1.111111111
"284",2019-01-26,"011017171D","DOWO","M",77,-6.722222222
"285",2019-01-27,"011017171D","DOWO","M",81,-6.722222222
"286",2019-01-28,"011017171D","DOWO","M",59,-10.61111111
"287",2019-01-29,"011017171D","DOWO","M",127,-18.88888889
"288",2019-01-30,"011017171D","DOWO","M",153,-22.22222222
"289",2019-01-31,"011017171D","DOWO","M",164,-17.77777778
"290",2019-02-01,"011017171D","DOWO","M",122,-11.72222222
"291",2019-02-02,"011017171D","DOWO","M",39,1.111111111
"292",2019-02-03,"011017171D","DOWO","M",13,-1.111111111
"293",2019-02-04,"011017171D","DOWO","M",29,-12.22222222
"294",2019-02-05,"011017171D","DOWO","M",17,-13.27777778
"295",2019-02-06,"011017171D","DOWO","M",52,-13.27777778
"296",2019-02-07,"011017171D","DOWO","M",62,-15.61111111
"297",2019-02-09,"011017171D","DOWO","M",90,-12.22222222
"298",2019-02-10,"011017171D","DOWO","M",133,-3.277777778
"299",2019-02-11,"011017171D","DOWO","M",52,-3.277777778
"300",2019-02-12,"011017171D","DOWO","M",28,-8.277777778
"301",2019-02-13,"011017171D","DOWO","M",121,-9.388888889
"302",2019-02-14,"011017171D","DOWO","M",82,-11.72222222
"303",2019-02-15,"011017171D","DOWO","M",72,-13.27777778
"304",2019-02-16,"011017171D","DOWO","M",90,-16.72222222
"305",2019-02-17,"011017171D","DOWO","M",123,-10
"306",2019-02-18,"011017171D","DOWO","M",119,-13.27777778
"307",2019-02-19,"011017171D","DOWO","M",138,-16.11111111
"308",2019-02-20,"011017171D","DOWO","M",99,-9.388888889
"309",2019-02-21,"011017171D","DOWO","M",36,-18.88888889
"310",2019-02-22,"011017171D","DOWO","M",51,-6.722222222
"311",2019-02-23,"011017171D","DOWO","M",22,-5
"312",2019-02-24,"011017171D","DOWO","M",66,-17.77777778
"313",2019-02-25,"011017171D","DOWO","M",153,-21.72222222
"314",2019-02-26,"011017171D","DOWO","M",182,-16.11111111
"315",2019-02-27,"011017171D","DOWO","M",179,-15.61111111
"316",2019-02-28,"011017171D","DOWO","M",58,-13.88888889
"317",2019-03-01,"011017171D","DOWO","M",67,-12.77777778
"318",2019-03-02,"011017171D","DOWO","M",107,-13.27777778
"319",2019-03-03,"011017171D","DOWO","M",150,-21.11111111
"320",2019-03-04,"011017171D","DOWO","M",57,-22.22222222
"321",2019-03-05,"011017171D","DOWO","M",13,-13.27777778
"322",2019-03-06,"011017171D","DOWO","M",38,-17.22222222
"323",2019-03-07,"011017171D","DOWO","M",13,-3.888888889
"324",2019-01-26,"0110172D57","DOWO","F",40,-6.722222222
"325",2019-01-27,"0110172D57","DOWO","F",155,-6.722222222
"326",2019-01-28,"0110172D57","DOWO","F",30,-10.61111111
"327",2019-01-29,"0110172D57","DOWO","F",64,-18.88888889
"328",2019-01-30,"0110172D57","DOWO","F",124,-22.22222222
"329",2019-01-31,"0110172D57","DOWO","F",73,-17.77777778
"330",2019-02-01,"0110172D57","DOWO","F",60,-11.72222222
"331",2019-02-02,"0110172D57","DOWO","F",9,1.111111111
"332",2019-02-04,"0110172D57","DOWO","F",9,-12.22222222
"333",2019-02-05,"0110172D57","DOWO","F",60,-13.27777778
"334",2019-02-06,"0110172D57","DOWO","F",142,-13.27777778
"335",2019-02-07,"0110172D57","DOWO","F",10,-15.61111111
"336",2019-02-09,"0110172D57","DOWO","F",44,-12.22222222
"337",2019-02-10,"0110172D57","DOWO","F",127,-3.277777778
"338",2019-02-11,"0110172D57","DOWO","F",85,-3.277777778
"339",2019-02-12,"0110172D57","DOWO","F",61,-8.277777778
"340",2019-02-13,"0110172D57","DOWO","F",55,-9.388888889
"341",2019-02-14,"0110172D57","DOWO","F",21,-11.72222222
"342",2019-02-15,"0110172D57","DOWO","F",107,-13.27777778
"343",2019-02-16,"0110172D57","DOWO","F",66,-16.72222222
"344",2019-02-17,"0110172D57","DOWO","F",187,-10
"345",2019-02-18,"0110172D57","DOWO","F",46,-13.27777778
"346",2019-02-19,"0110172D57","DOWO","F",39,-16.11111111
"347",2019-02-20,"0110172D57","DOWO","F",3,-9.388888889
"348",2019-02-21,"0110172D57","DOWO","F",43,-18.88888889
"349",2019-02-22,"0110172D57","DOWO","F",120,-6.722222222
"350",2019-02-23,"0110172D57","DOWO","F",232,-5
"351",2019-02-24,"0110172D57","DOWO","F",48,-17.77777778
"352",2019-02-25,"0110172D57","DOWO","F",95,-21.72222222
"353",2019-02-26,"0110172D57","DOWO","F",203,-16.11111111
"354",2019-02-27,"0110172D57","DOWO","F",159,-15.61111111
"355",2019-02-28,"0110172D57","DOWO","F",86,-13.88888889
"356",2019-03-01,"0110172D57","DOWO","F",25,-12.77777778
"357",2019-03-02,"0110172D57","DOWO","F",119,-13.27777778
"358",2019-03-03,"0110172D57","DOWO","F",175,-21.11111111
"359",2019-03-04,"0110172D57","DOWO","F",215,-22.22222222
"360",2019-03-05,"0110172D57","DOWO","F",28,-13.27777778
"361",2019-03-06,"0110172D57","DOWO","F",19,-17.22222222
"362",2019-03-07,"0110172D57","DOWO","F",53,-3.888888889
"363",2019-03-08,"0110172D57","DOWO","F",63,-11.72222222
"364",2019-01-27,"0110173043","DOWO","M",82,-6.722222222
"365",2019-01-28,"0110173043","DOWO","M",25,-10.61111111
"366",2019-01-29,"0110173043","DOWO","M",69,-18.88888889
"367",2019-01-30,"0110173043","DOWO","M",165,-22.22222222
"368",2019-01-31,"0110173043","DOWO","M",116,-17.77777778
"369",2019-02-01,"0110173043","DOWO","M",56,-11.72222222
"370",2019-02-02,"0110173043","DOWO","M",9,1.111111111
"371",2019-02-04,"0110173043","DOWO","M",32,-12.22222222
"372",2019-02-05,"0110173043","DOWO","M",8,-13.27777778
"373",2019-02-06,"0110173043","DOWO","M",31,-13.27777778
"374",2019-02-07,"0110173043","DOWO","M",20,-15.61111111
"375",2019-02-09,"0110173043","DOWO","M",29,-12.22222222
"376",2019-02-10,"0110173043","DOWO","M",34,-3.277777778
"377",2019-02-11,"0110173043","DOWO","M",10,-3.277777778
"378",2019-02-12,"0110173043","DOWO","M",3,-8.277777778
"379",2019-02-14,"0110173043","DOWO","M",1,-11.72222222
"380",2019-02-15,"0110173043","DOWO","M",45,-13.27777778
"381",2019-02-16,"0110173043","DOWO","M",24,-16.72222222
"382",2019-02-17,"0110173043","DOWO","M",3,-10
"383",2019-02-18,"0110173043","DOWO","M",14,-13.27777778
"384",2019-02-19,"0110173043","DOWO","M",36,-16.11111111
"385",2019-02-20,"0110173043","DOWO","M",68,-9.388888889
"386",2019-02-21,"0110173043","DOWO","M",16,-18.88888889
"387",2019-02-24,"0110173043","DOWO","M",4,-17.77777778
"388",2019-02-25,"0110173043","DOWO","M",40,-21.72222222
"389",2019-02-26,"0110173043","DOWO","M",9,-16.11111111
"390",2019-02-27,"0110173043","DOWO","M",16,-15.61111111
"391",2019-02-28,"0110173043","DOWO","M",20,-13.88888889
"392",2019-03-01,"0110173043","DOWO","M",21,-12.77777778
"393",2019-03-02,"0110173043","DOWO","M",6,-13.27777778
"394",2019-01-26,"0110173577","DOWO","M",90,-6.722222222
"395",2019-01-27,"0110173577","DOWO","M",119,-6.722222222
"396",2019-01-28,"0110173577","DOWO","M",81,-10.61111111
"397",2019-01-29,"0110173577","DOWO","M",59,-18.88888889
"398",2019-01-30,"0110173577","DOWO","M",136,-22.22222222
"399",2019-01-31,"0110173577","DOWO","M",125,-17.77777778
"400",2019-02-01,"0110173577","DOWO","M",88,-11.72222222
"401",2019-02-02,"0110173577","DOWO","M",7,1.111111111
"402",2019-02-04,"0110173577","DOWO","M",88,-12.22222222
"403",2019-02-05,"0110173577","DOWO","M",70,-13.27777778
"404",2019-02-06,"0110173577","DOWO","M",105,-13.27777778
"405",2019-02-09,"0110173577","DOWO","M",129,-12.22222222
"406",2019-02-10,"0110173577","DOWO","M",113,-3.277777778
"407",2019-02-11,"0110173577","DOWO","M",127,-3.277777778
"408",2019-02-12,"0110173577","DOWO","M",110,-8.277777778
"409",2019-02-13,"0110173577","DOWO","M",86,-9.388888889
"410",2019-02-14,"0110173577","DOWO","M",61,-11.72222222
"411",2019-02-15,"0110173577","DOWO","M",149,-13.27777778
"412",2019-02-16,"0110173577","DOWO","M",112,-16.72222222
"413",2019-02-17,"0110173577","DOWO","M",134,-10
"414",2019-02-18,"0110173577","DOWO","M",110,-13.27777778
"415",2019-02-19,"0110173577","DOWO","M",113,-16.11111111
"416",2019-02-20,"0110173577","DOWO","M",111,-9.388888889
"417",2019-02-21,"0110173577","DOWO","M",70,-18.88888889
"418",2019-02-22,"0110173577","DOWO","M",69,-6.722222222
"419",2019-02-23,"0110173577","DOWO","M",133,-5
"420",2019-02-24,"0110173577","DOWO","M",56,-17.77777778
"421",2019-02-25,"0110173577","DOWO","M",139,-21.72222222
"422",2019-02-26,"0110173577","DOWO","M",189,-16.11111111
"423",2019-02-27,"0110173577","DOWO","M",76,-15.61111111
"424",2019-02-28,"0110173577","DOWO","M",88,-13.88888889
"425",2019-03-01,"0110173577","DOWO","M",137,-12.77777778
"426",2019-03-02,"0110173577","DOWO","M",102,-13.27777778
"427",2019-03-03,"0110173577","DOWO","M",170,-21.11111111
"428",2019-03-04,"0110173577","DOWO","M",109,-22.22222222
"429",2019-03-05,"0110173577","DOWO","M",49,-13.27777778
"430",2019-03-06,"0110173577","DOWO","M",126,-17.22222222
"431",2019-03-07,"0110173577","DOWO","M",45,-3.888888889
"432",2019-03-08,"0110173577","DOWO","M",33,-11.72222222
"433",2019-01-26,"01101736BA","WBNU","M",93,-6.722222222
"434",2019-01-27,"01101736BA","WBNU","M",122,-6.722222222
"435",2019-01-28,"01101736BA","WBNU","M",120,-10.61111111
"436",2019-01-29,"01101736BA","WBNU","M",112,-18.88888889
"437",2019-01-30,"01101736BA","WBNU","M",114,-22.22222222
"438",2019-01-31,"01101736BA","WBNU","M",67,-17.77777778
"439",2019-02-01,"01101736BA","WBNU","M",65,-11.72222222
"440",2019-02-04,"01101736BA","WBNU","M",93,-12.22222222
"441",2019-02-05,"01101736BA","WBNU","M",49,-13.27777778
"442",2019-02-06,"01101736BA","WBNU","M",110,-13.27777778
"443",2019-02-07,"01101736BA","WBNU","M",94,-15.61111111
"444",2019-02-09,"01101736BA","WBNU","M",105,-12.22222222
"445",2019-02-10,"01101736BA","WBNU","M",110,-3.277777778
"446",2019-02-11,"01101736BA","WBNU","M",99,-3.277777778
"447",2019-02-12,"01101736BA","WBNU","M",160,-8.277777778
"448",2019-02-13,"01101736BA","WBNU","M",151,-9.388888889
"449",2019-02-14,"01101736BA","WBNU","M",101,-11.72222222
"450",2019-02-15,"01101736BA","WBNU","M",105,-13.27777778
"451",2019-02-16,"01101736BA","WBNU","M",95,-16.72222222
"452",2019-02-17,"01101736BA","WBNU","M",102,-10
"453",2019-02-18,"01101736BA","WBNU","M",126,-13.27777778
"454",2019-02-19,"01101736BA","WBNU","M",108,-16.11111111
"455",2019-02-20,"01101736BA","WBNU","M",97,-9.388888889
"456",2019-02-21,"01101736BA","WBNU","M",76,-18.88888889
"457",2019-02-22,"01101736BA","WBNU","M",104,-6.722222222
"458",2019-02-23,"01101736BA","WBNU","M",70,-5
"459",2019-02-24,"01101736BA","WBNU","M",79,-17.77777778
"460",2019-02-25,"01101736BA","WBNU","M",71,-21.72222222
"461",2019-02-26,"01101736BA","WBNU","M",143,-16.11111111
"462",2019-02-27,"01101736BA","WBNU","M",56,-15.61111111
"463",2019-02-28,"01101736BA","WBNU","M",90,-13.88888889
"464",2019-03-01,"01101736BA","WBNU","M",119,-12.77777778
"465",2019-03-02,"01101736BA","WBNU","M",93,-13.27777778
"466",2019-03-03,"01101736BA","WBNU","M",123,-21.11111111
"467",2019-03-04,"01101736BA","WBNU","M",117,-22.22222222
"468",2019-03-05,"01101736BA","WBNU","M",68,-13.27777778
"469",2019-03-06,"01101736BA","WBNU","M",68,-17.22222222
"470",2019-03-07,"01101736BA","WBNU","M",50,-3.888888889
"471",2019-03-08,"01101736BA","WBNU","M",10,-11.72222222
"472",2019-01-27,"011017396E","DOWO","M",16,-6.722222222
"473",2019-01-29,"011017396E","DOWO","M",8,-18.88888889
"474",2019-01-30,"011017396E","DOWO","M",29,-22.22222222
"475",2019-01-31,"011017396E","DOWO","M",1,-17.77777778
"476",2019-02-15,"011017396E","DOWO","M",4,-13.27777778
"477",2019-02-23,"011017396E","DOWO","M",11,-5
"478",2019-03-01,"011017396E","DOWO","M",59,-12.77777778
"479",2019-03-06,"011017396E","DOWO","M",5,-17.22222222
"480",2019-01-27,"0110173C26","WBNU","M",1,-6.722222222
"481",2019-01-31,"0110173C26","WBNU","M",18,-17.77777778
"482",2019-02-01,"0110173C26","WBNU","M",15,-11.72222222
"483",2019-02-05,"0110173C26","WBNU","M",3,-13.27777778
"484",2019-02-15,"0110173C26","WBNU","M",1,-13.27777778
"485",2019-02-17,"0110173C26","WBNU","M",7,-10
"486",2019-02-18,"0110173C26","WBNU","M",19,-13.27777778
"487",2019-02-19,"0110173C26","WBNU","M",4,-16.11111111
"488",2019-02-20,"0110173C26","WBNU","M",18,-9.388888889
"489",2019-02-21,"0110173C26","WBNU","M",2,-18.88888889
"490",2019-02-22,"0110173C26","WBNU","M",16,-6.722222222
"491",2019-02-23,"0110173C26","WBNU","M",4,-5
"492",2019-02-26,"0110173C26","WBNU","M",58,-16.11111111
"493",2019-02-27,"0110173C26","WBNU","M",29,-15.61111111
"494",2019-02-28,"0110173C26","WBNU","M",1,-13.88888889
"495",2019-03-03,"0110173C26","WBNU","M",19,-21.11111111
"496",2019-03-05,"0110173C26","WBNU","M",19,-13.27777778
"497",2019-03-06,"0110173C26","WBNU","M",7,-17.22222222
"498",2019-03-07,"0110173C26","WBNU","M",4,-3.888888889
"499",2019-03-08,"0110173C26","WBNU","M",16,-11.72222222
"500",2019-01-26,"0110173E3A","DOWO","M",34,-6.722222222
"501",2019-01-27,"0110173E3A","DOWO","M",103,-6.722222222
"502",2019-01-28,"0110173E3A","DOWO","M",15,-10.61111111
"503",2019-01-29,"0110173E3A","DOWO","M",91,-18.88888889
"504",2019-01-30,"0110173E3A","DOWO","M",181,-22.22222222
"505",2019-01-31,"0110173E3A","DOWO","M",18,-17.77777778
"506",2019-02-01,"0110173E3A","DOWO","M",8,-11.72222222
"507",2019-02-04,"0110173E3A","DOWO","M",10,-12.22222222
"508",2019-02-05,"0110173E3A","DOWO","M",80,-13.27777778
"509",2019-02-06,"0110173E3A","DOWO","M",75,-13.27777778
"510",2019-02-07,"0110173E3A","DOWO","M",31,-15.61111111
"511",2019-02-09,"0110173E3A","DOWO","M",20,-12.22222222
"512",2019-02-10,"0110173E3A","DOWO","M",96,-3.277777778
"513",2019-02-11,"0110173E3A","DOWO","M",103,-3.277777778
"514",2019-02-12,"0110173E3A","DOWO","M",80,-8.277777778
"515",2019-02-13,"0110173E3A","DOWO","M",40,-9.388888889
"516",2019-02-14,"0110173E3A","DOWO","M",22,-11.72222222
"517",2019-02-15,"0110173E3A","DOWO","M",78,-13.27777778
"518",2019-02-16,"0110173E3A","DOWO","M",57,-16.72222222
"519",2019-02-17,"0110173E3A","DOWO","M",37,-10
"520",2019-02-18,"0110173E3A","DOWO","M",23,-13.27777778
"521",2019-02-19,"0110173E3A","DOWO","M",50,-16.11111111
"522",2019-02-20,"0110173E3A","DOWO","M",56,-9.388888889
"523",2019-02-21,"0110173E3A","DOWO","M",65,-18.88888889
"524",2019-02-22,"0110173E3A","DOWO","M",32,-6.722222222
"525",2019-02-23,"0110173E3A","DOWO","M",64,-5
"526",2019-02-24,"0110173E3A","DOWO","M",85,-17.77777778
"527",2019-02-25,"0110173E3A","DOWO","M",54,-21.72222222
"528",2019-02-26,"0110173E3A","DOWO","M",63,-16.11111111
"529",2019-02-27,"0110173E3A","DOWO","M",58,-15.61111111
"530",2019-02-28,"0110173E3A","DOWO","M",31,-13.88888889
"531",2019-03-01,"0110173E3A","DOWO","M",25,-12.77777778
"532",2019-03-02,"0110173E3A","DOWO","M",32,-13.27777778
"533",2019-03-03,"0110173E3A","DOWO","M",58,-21.11111111
"534",2019-03-04,"0110173E3A","DOWO","M",33,-22.22222222
"535",2019-03-05,"0110173E3A","DOWO","M",26,-13.27777778
"536",2019-03-06,"0110173E3A","DOWO","M",19,-17.22222222
"537",2019-03-07,"0110173E3A","DOWO","M",37,-3.888888889
"538",2019-03-08,"0110173E3A","DOWO","M",4,-11.72222222
"539",2019-01-26,"0110173FFA","DOWO","M",34,-6.722222222
"540",2019-01-27,"0110173FFA","DOWO","M",144,-6.722222222
"541",2019-01-28,"0110173FFA","DOWO","M",72,-10.61111111
"542",2019-01-29,"0110173FFA","DOWO","M",101,-18.88888889
"543",2019-01-30,"0110173FFA","DOWO","M",97,-22.22222222
"544",2019-01-31,"0110173FFA","DOWO","M",85,-17.77777778
"545",2019-02-01,"0110173FFA","DOWO","M",62,-11.72222222
"546",2019-02-04,"0110173FFA","DOWO","M",65,-12.22222222
"547",2019-02-05,"0110173FFA","DOWO","M",104,-13.27777778
"548",2019-02-06,"0110173FFA","DOWO","M",101,-13.27777778
"549",2019-02-07,"0110173FFA","DOWO","M",67,-15.61111111
"550",2019-02-09,"0110173FFA","DOWO","M",73,-12.22222222
"551",2019-02-10,"0110173FFA","DOWO","M",190,-3.277777778
"552",2019-02-11,"0110173FFA","DOWO","M",77,-3.277777778
"553",2019-02-12,"0110173FFA","DOWO","M",85,-8.277777778
"554",2019-02-13,"0110173FFA","DOWO","M",80,-9.388888889
"555",2019-02-14,"0110173FFA","DOWO","M",78,-11.72222222
"556",2019-02-15,"0110173FFA","DOWO","M",88,-13.27777778
"557",2019-02-16,"0110173FFA","DOWO","M",81,-16.72222222
"558",2019-02-17,"0110173FFA","DOWO","M",75,-10
"559",2019-02-18,"0110173FFA","DOWO","M",97,-13.27777778
"560",2019-02-19,"0110173FFA","DOWO","M",93,-16.11111111
"561",2019-02-20,"0110173FFA","DOWO","M",29,-9.388888889
"562",2019-02-21,"0110173FFA","DOWO","M",49,-18.88888889
"563",2019-02-22,"0110173FFA","DOWO","M",86,-6.722222222
"564",2019-02-23,"0110173FFA","DOWO","M",45,-5
"565",2019-02-24,"0110173FFA","DOWO","M",17,-17.77777778
"566",2019-02-25,"0110173FFA","DOWO","M",40,-21.72222222
"567",2019-02-26,"0110173FFA","DOWO","M",108,-16.11111111
"568",2019-02-27,"0110173FFA","DOWO","M",101,-15.61111111
"569",2019-02-28,"0110173FFA","DOWO","M",62,-13.88888889
"570",2019-03-01,"0110173FFA","DOWO","M",37,-12.77777778
"571",2019-03-02,"0110173FFA","DOWO","M",76,-13.27777778
"572",2019-03-03,"0110173FFA","DOWO","M",101,-21.11111111
"573",2019-03-04,"0110173FFA","DOWO","M",91,-22.22222222
"574",2019-03-05,"0110173FFA","DOWO","M",91,-13.27777778
"575",2019-03-06,"0110173FFA","DOWO","M",42,-17.22222222
"576",2019-03-07,"0110173FFA","DOWO","M",64,-3.888888889
"577",2019-03-08,"0110173FFA","DOWO","M",68,-11.72222222
"578",2019-03-09,"0110173FFA","DOWO","M",60,-1.111111111
"579",2019-01-26,"01101747D3","WBNU","F",67,-6.722222222
"580",2019-01-27,"01101747D3","WBNU","F",16,-6.722222222
"581",2019-01-29,"01101747D3","WBNU","F",70,-18.88888889
"582",2019-01-30,"01101747D3","WBNU","F",118,-22.22222222
"583",2019-01-31,"01101747D3","WBNU","F",242,-17.77777778
"584",2019-02-01,"01101747D3","WBNU","F",137,-11.72222222
"585",2019-02-02,"01101747D3","WBNU","F",151,1.111111111
"586",2019-02-03,"01101747D3","WBNU","F",102,-1.111111111
"587",2019-02-04,"01101747D3","WBNU","F",125,-12.22222222
"588",2019-02-05,"01101747D3","WBNU","F",118,-13.27777778
"589",2019-02-06,"01101747D3","WBNU","F",185,-13.27777778
"590",2019-02-07,"01101747D3","WBNU","F",102,-15.61111111
"591",2019-02-09,"01101747D3","WBNU","F",4,-12.22222222
"592",2019-02-11,"01101747D3","WBNU","F",61,-3.277777778
"593",2019-02-12,"01101747D3","WBNU","F",96,-8.277777778
"594",2019-02-13,"01101747D3","WBNU","F",69,-9.388888889
"595",2019-02-14,"01101747D3","WBNU","F",49,-11.72222222
"596",2019-02-15,"01101747D3","WBNU","F",17,-13.27777778
"597",2019-02-16,"01101747D3","WBNU","F",150,-16.72222222
"598",2019-02-17,"01101747D3","WBNU","F",177,-10
"599",2019-02-18,"01101747D3","WBNU","F",128,-13.27777778
"600",2019-02-19,"01101747D3","WBNU","F",149,-16.11111111
"601",2019-02-20,"01101747D3","WBNU","F",32,-9.388888889
"602",2019-02-22,"01101747D3","WBNU","F",79,-6.722222222
"603",2019-02-23,"01101747D3","WBNU","F",75,-5
"604",2019-02-24,"01101747D3","WBNU","F",90,-17.77777778
"605",2019-02-25,"01101747D3","WBNU","F",139,-21.72222222
"606",2019-02-26,"01101747D3","WBNU","F",188,-16.11111111
"607",2019-02-27,"01101747D3","WBNU","F",205,-15.61111111
"608",2019-02-28,"01101747D3","WBNU","F",85,-13.88888889
"609",2019-03-01,"01101747D3","WBNU","F",19,-12.77777778
"610",2019-03-02,"01101747D3","WBNU","F",94,-13.27777778
"611",2019-03-03,"01101747D3","WBNU","F",176,-21.11111111
"612",2019-03-04,"01101747D3","WBNU","F",149,-22.22222222
"613",2019-03-06,"01101747D3","WBNU","F",5,-17.22222222
"614",2019-03-07,"01101747D3","WBNU","F",58,-3.888888889
"615",2019-03-08,"01101747D3","WBNU","F",66,-11.72222222
"616",2019-01-26,"01101748C7","DOWO","F",119,-6.722222222
"617",2019-01-27,"01101748C7","DOWO","F",15,-6.722222222
"618",2019-01-28,"01101748C7","DOWO","F",9,-10.61111111
"619",2019-01-29,"01101748C7","DOWO","F",68,-18.88888889
"620",2019-01-30,"01101748C7","DOWO","F",244,-22.22222222
"621",2019-01-31,"01101748C7","DOWO","F",185,-17.77777778
"622",2019-02-01,"01101748C7","DOWO","F",138,-11.72222222
"623",2019-02-02,"01101748C7","DOWO","F",113,1.111111111
"624",2019-02-03,"01101748C7","DOWO","F",97,-1.111111111
"625",2019-02-04,"01101748C7","DOWO","F",56,-12.22222222
"626",2019-02-05,"01101748C7","DOWO","F",124,-13.27777778
"627",2019-02-06,"01101748C7","DOWO","F",206,-13.27777778
"628",2019-02-07,"01101748C7","DOWO","F",163,-15.61111111
"629",2019-02-09,"01101748C7","DOWO","F",4,-12.22222222
"630",2019-02-11,"01101748C7","DOWO","F",57,-3.277777778
"631",2019-02-12,"01101748C7","DOWO","F",110,-8.277777778
"632",2019-02-13,"01101748C7","DOWO","F",118,-9.388888889
"633",2019-02-14,"01101748C7","DOWO","F",46,-11.72222222
"634",2019-02-15,"01101748C7","DOWO","F",28,-13.27777778
"635",2019-02-16,"01101748C7","DOWO","F",95,-16.72222222
"636",2019-02-17,"01101748C7","DOWO","F",174,-10
"637",2019-02-18,"01101748C7","DOWO","F",154,-13.27777778
"638",2019-02-19,"01101748C7","DOWO","F",200,-16.11111111
"639",2019-02-20,"01101748C7","DOWO","F",64,-9.388888889
"640",2019-02-21,"01101748C7","DOWO","F",12,-18.88888889
"641",2019-02-22,"01101748C7","DOWO","F",63,-6.722222222
"642",2019-02-23,"01101748C7","DOWO","F",194,-5
"643",2019-02-24,"01101748C7","DOWO","F",120,-17.77777778
"644",2019-02-25,"01101748C7","DOWO","F",187,-21.72222222
"645",2019-02-26,"01101748C7","DOWO","F",220,-16.11111111
"646",2019-02-27,"01101748C7","DOWO","F",179,-15.61111111
"647",2019-02-28,"01101748C7","DOWO","F",139,-13.88888889
"648",2019-03-01,"01101748C7","DOWO","F",68,-12.77777778
"649",2019-03-02,"01101748C7","DOWO","F",203,-13.27777778
"650",2019-03-03,"01101748C7","DOWO","F",221,-21.11111111
"651",2019-03-04,"01101748C7","DOWO","F",254,-22.22222222
"652",2019-03-05,"01101748C7","DOWO","F",161,-13.27777778
"653",2019-03-06,"01101748C7","DOWO","F",189,-17.22222222
"654",2019-03-07,"01101748C7","DOWO","F",178,-3.888888889
"655",2019-03-08,"01101748C7","DOWO","F",195,-11.72222222
"656",2019-03-09,"01101748C7","DOWO","F",180,-1.111111111
"657",2019-01-26,"0110174B57","WBNU","F",59,-6.722222222
"658",2019-01-27,"0110174B57","WBNU","F",30,-6.722222222
"659",2019-01-29,"0110174B57","WBNU","F",54,-18.88888889
"660",2019-01-30,"0110174B57","WBNU","F",87,-22.22222222
"661",2019-01-31,"0110174B57","WBNU","F",105,-17.77777778
"662",2019-02-01,"0110174B57","WBNU","F",192,-11.72222222
"663",2019-02-02,"0110174B57","WBNU","F",111,1.111111111
"664",2019-02-03,"0110174B57","WBNU","F",121,-1.111111111
"665",2019-02-04,"0110174B57","WBNU","F",36,-12.22222222
"666",2019-02-05,"0110174B57","WBNU","F",58,-13.27777778
"667",2019-02-06,"0110174B57","WBNU","F",124,-13.27777778
"668",2019-02-07,"0110174B57","WBNU","F",80,-15.61111111
"669",2019-02-11,"0110174B57","WBNU","F",70,-3.277777778
"670",2019-02-12,"0110174B57","WBNU","F",78,-8.277777778
"671",2019-02-13,"0110174B57","WBNU","F",74,-9.388888889
"672",2019-02-14,"0110174B57","WBNU","F",24,-11.72222222
"673",2019-02-15,"0110174B57","WBNU","F",2,-13.27777778
"674",2019-02-16,"0110174B57","WBNU","F",84,-16.72222222
"675",2019-02-17,"0110174B57","WBNU","F",119,-10
"676",2019-02-18,"0110174B57","WBNU","F",75,-13.27777778
"677",2019-02-19,"0110174B57","WBNU","F",113,-16.11111111
"678",2019-02-20,"0110174B57","WBNU","F",39,-9.388888889
"679",2019-02-21,"0110174B57","WBNU","F",2,-18.88888889
"680",2019-02-22,"0110174B57","WBNU","F",47,-6.722222222
"681",2019-02-23,"0110174B57","WBNU","F",79,-5
"682",2019-02-24,"0110174B57","WBNU","F",117,-17.77777778
"683",2019-02-25,"0110174B57","WBNU","F",89,-21.72222222
"684",2019-02-26,"0110174B57","WBNU","F",108,-16.11111111
"685",2019-02-27,"0110174B57","WBNU","F",140,-15.61111111
"686",2019-02-28,"0110174B57","WBNU","F",89,-13.88888889
"687",2019-03-01,"0110174B57","WBNU","F",11,-12.77777778
"688",2019-03-02,"0110174B57","WBNU","F",54,-13.27777778
"689",2019-03-03,"0110174B57","WBNU","F",103,-21.11111111
"690",2019-03-04,"0110174B57","WBNU","F",124,-22.22222222
"691",2019-03-06,"0110174B57","WBNU","F",2,-17.22222222
"692",2019-03-07,"0110174B57","WBNU","F",30,-3.888888889
"693",2019-03-08,"0110174B57","WBNU","F",77,-11.72222222
"694",2019-01-26,"0110175F3E","WBNU","F",88,-6.722222222
"695",2019-01-27,"0110175F3E","WBNU","F",107,-6.722222222
"696",2019-01-28,"0110175F3E","WBNU","F",68,-10.61111111
"697",2019-01-29,"0110175F3E","WBNU","F",63,-18.88888889
"698",2019-01-30,"0110175F3E","WBNU","F",85,-22.22222222
"699",2019-02-01,"0110175F3E","WBNU","F",26,-11.72222222
"700",2019-02-04,"0110175F3E","WBNU","F",28,-12.22222222
"701",2019-02-14,"0110175F3E","WBNU","F",12,-11.72222222
"702",2019-02-15,"0110175F3E","WBNU","F",63,-13.27777778
"703",2019-02-16,"0110175F3E","WBNU","F",7,-16.72222222
"704",2019-02-19,"0110175F3E","WBNU","F",19,-16.11111111
"705",2019-02-20,"0110175F3E","WBNU","F",33,-9.388888889
"706",2019-02-21,"0110175F3E","WBNU","F",15,-18.88888889
"707",2019-02-22,"0110175F3E","WBNU","F",7,-6.722222222
"708",2019-02-24,"0110175F3E","WBNU","F",4,-17.77777778
"709",2019-02-25,"0110175F3E","WBNU","F",16,-21.72222222
"710",2019-02-28,"0110175F3E","WBNU","F",50,-13.88888889
"711",2019-03-01,"0110175F3E","WBNU","F",87,-12.77777778
"712",2019-03-02,"0110175F3E","WBNU","F",12,-13.27777778
"713",2019-03-03,"0110175F3E","WBNU","F",8,-21.11111111
"714",2019-03-05,"0110175F3E","WBNU","F",34,-13.27777778
"715",2019-03-06,"0110175F3E","WBNU","F",51,-17.22222222
"716",2019-03-07,"0110175F3E","WBNU","F",43,-3.888888889
"717",2019-03-08,"0110175F3E","WBNU","F",31,-11.72222222
"718",2019-01-29,"0700EDA0C9","DOWO","M",63,-18.88888889
"719",2019-01-30,"0700EDA0C9","DOWO","M",189,-22.22222222
"720",2019-01-31,"0700EDA0C9","DOWO","M",120,-17.77777778
"721",2019-02-01,"0700EDA0C9","DOWO","M",136,-11.72222222
"722",2019-02-02,"0700EDA0C9","DOWO","M",119,1.111111111
"723",2019-02-03,"0700EDA0C9","DOWO","M",113,-1.111111111
"724",2019-02-04,"0700EDA0C9","DOWO","M",48,-12.22222222
"725",2019-02-05,"0700EDA0C9","DOWO","M",81,-13.27777778
"726",2019-02-06,"0700EDA0C9","DOWO","M",142,-13.27777778
"727",2019-02-07,"0700EDA0C9","DOWO","M",145,-15.61111111
"728",2019-02-11,"0700EDA0C9","DOWO","M",27,-3.277777778
"729",2019-02-12,"0700EDA0C9","DOWO","M",79,-8.277777778
"730",2019-02-13,"0700EDA0C9","DOWO","M",110,-9.388888889
"731",2019-02-14,"0700EDA0C9","DOWO","M",52,-11.72222222
"732",2019-02-15,"0700EDA0C9","DOWO","M",21,-13.27777778
"733",2019-02-16,"0700EDA0C9","DOWO","M",102,-16.72222222
"734",2019-02-17,"0700EDA0C9","DOWO","M",145,-10
"735",2019-02-18,"0700EDA0C9","DOWO","M",157,-13.27777778
"736",2019-02-19,"0700EDA0C9","DOWO","M",170,-16.11111111
"737",2019-02-20,"0700EDA0C9","DOWO","M",6,-9.388888889
"738",2019-02-22,"0700EDA0C9","DOWO","M",26,-6.722222222
"739",2019-02-23,"0700EDA0C9","DOWO","M",144,-5
"740",2019-02-24,"0700EDA0C9","DOWO","M",18,-17.77777778
"741",2019-02-25,"0700EDA0C9","DOWO","M",5,-21.72222222
"742",2019-02-26,"0700EDA0C9","DOWO","M",65,-16.11111111
"743",2019-02-27,"0700EDA0C9","DOWO","M",120,-15.61111111
"744",2019-03-01,"0700EDA0C9","DOWO","M",18,-12.77777778
"745",2019-03-02,"0700EDA0C9","DOWO","M",93,-13.27777778
"746",2019-03-03,"0700EDA0C9","DOWO","M",182,-21.11111111
"747",2019-03-04,"0700EDA0C9","DOWO","M",180,-22.22222222
"748",2019-03-05,"0700EDA0C9","DOWO","M",11,-13.27777778
"749",2019-03-06,"0700EDA0C9","DOWO","M",35,-17.22222222
"750",2019-03-07,"0700EDA0C9","DOWO","M",33,-3.888888889
"751",2019-03-08,"0700EDA0C9","DOWO","M",15,-11.72222222
"752",2019-01-27,"0700EDE823","DOWO","F",41,-6.722222222
"753",2019-01-28,"0700EDE823","DOWO","F",10,-10.61111111
"754",2019-01-29,"0700EDE823","DOWO","F",43,-18.88888889
"755",2019-01-30,"0700EDE823","DOWO","F",55,-22.22222222
"756",2019-01-31,"0700EDE823","DOWO","F",75,-17.77777778
"757",2019-02-01,"0700EDE823","DOWO","F",48,-11.72222222
"758",2019-02-02,"0700EDE823","DOWO","F",3,1.111111111
"759",2019-02-04,"0700EDE823","DOWO","F",42,-12.22222222
"760",2019-02-05,"0700EDE823","DOWO","F",29,-13.27777778
"761",2019-02-06,"0700EDE823","DOWO","F",9,-13.27777778
"762",2019-02-07,"0700EDE823","DOWO","F",45,-15.61111111
"763",2019-02-09,"0700EDE823","DOWO","F",39,-12.22222222
"764",2019-02-10,"0700EDE823","DOWO","F",33,-3.277777778
"765",2019-02-11,"0700EDE823","DOWO","F",23,-3.277777778
"766",2019-02-12,"0700EDE823","DOWO","F",5,-8.277777778
"767",2019-02-13,"0700EDE823","DOWO","F",41,-9.388888889
"768",2019-02-14,"0700EDE823","DOWO","F",32,-11.72222222
"769",2019-02-15,"0700EDE823","DOWO","F",19,-13.27777778
"770",2019-02-16,"0700EDE823","DOWO","F",34,-16.72222222
"771",2019-02-17,"0700EDE823","DOWO","F",18,-10
"772",2019-02-18,"0700EDE823","DOWO","F",52,-13.27777778
"773",2019-02-19,"0700EDE823","DOWO","F",4,-16.11111111
"774",2019-02-20,"0700EDE823","DOWO","F",30,-9.388888889
"775",2019-02-21,"0700EDE823","DOWO","F",44,-18.88888889
"776",2019-02-22,"0700EDE823","DOWO","F",13,-6.722222222
"777",2019-02-24,"0700EDE823","DOWO","F",12,-17.77777778
"778",2019-02-25,"0700EDE823","DOWO","F",68,-21.72222222
"779",2019-02-26,"0700EDE823","DOWO","F",72,-16.11111111
"780",2019-02-27,"0700EDE823","DOWO","F",13,-15.61111111
"781",2019-02-28,"0700EDE823","DOWO","F",8,-13.88888889
"782",2019-03-01,"0700EDE823","DOWO","F",3,-12.77777778
"783",2019-03-02,"0700EDE823","DOWO","F",5,-13.27777778
"784",2019-03-05,"0700EDE823","DOWO","F",1,-13.27777778
"785",2019-03-06,"0700EDE823","DOWO","F",2,-17.22222222
"786",2019-01-27,"0700EDFFDB","DOWO","M",11,-6.722222222
"787",2019-01-28,"0700EDFFDB","DOWO","M",1,-10.61111111
"788",2019-02-15,"0700EDFFDB","DOWO","M",1,-13.27777778
"789",2019-02-16,"0700EDFFDB","DOWO","M",8,-16.72222222
"790",2019-02-18,"0700EDFFDB","DOWO","M",19,-13.27777778
"791",2019-02-19,"0700EDFFDB","DOWO","M",24,-16.11111111
"792",2019-02-20,"0700EDFFDB","DOWO","M",44,-9.388888889
"793",2019-02-21,"0700EDFFDB","DOWO","M",3,-18.88888889
"794",2019-02-24,"0700EDFFDB","DOWO","M",79,-17.77777778
"795",2019-02-25,"0700EDFFDB","DOWO","M",142,-21.72222222
"796",2019-02-26,"0700EDFFDB","DOWO","M",80,-16.11111111
"797",2019-02-27,"0700EDFFDB","DOWO","M",164,-15.61111111
"798",2019-02-28,"0700EDFFDB","DOWO","M",72,-13.88888889
"799",2019-03-01,"0700EDFFDB","DOWO","M",66,-12.77777778
"800",2019-03-02,"0700EDFFDB","DOWO","M",57,-13.27777778
"801",2019-03-03,"0700EDFFDB","DOWO","M",114,-21.11111111
"802",2019-03-04,"0700EDFFDB","DOWO","M",17,-22.22222222
"803",2019-03-05,"0700EDFFDB","DOWO","M",34,-13.27777778
"804",2019-03-06,"0700EDFFDB","DOWO","M",30,-17.22222222
"805",2019-03-07,"0700EDFFDB","DOWO","M",21,-3.888888889
"806",2019-03-08,"0700EDFFDB","DOWO","M",58,-11.72222222
"807",2019-01-26,"0700EE08C5","DOWO","M",66,-6.722222222
"808",2019-01-27,"0700EE08C5","DOWO","M",60,-6.722222222
"809",2019-01-28,"0700EE08C5","DOWO","M",36,-10.61111111
"810",2019-01-29,"0700EE08C5","DOWO","M",68,-18.88888889
"811",2019-01-30,"0700EE08C5","DOWO","M",81,-22.22222222
"812",2019-02-01,"0700EE08C5","DOWO","M",24,-11.72222222
"813",2019-02-04,"0700EE08C5","DOWO","M",24,-12.22222222
"814",2019-02-14,"0700EE08C5","DOWO","M",8,-11.72222222
"815",2019-02-15,"0700EE08C5","DOWO","M",61,-13.27777778
"816",2019-02-16,"0700EE08C5","DOWO","M",15,-16.72222222
"817",2019-02-18,"0700EE08C5","DOWO","M",3,-13.27777778
"818",2019-02-19,"0700EE08C5","DOWO","M",60,-16.11111111
"819",2019-02-20,"0700EE08C5","DOWO","M",94,-9.388888889
"820",2019-02-21,"0700EE08C5","DOWO","M",74,-18.88888889
"821",2019-02-22,"0700EE08C5","DOWO","M",7,-6.722222222
"822",2019-02-24,"0700EE08C5","DOWO","M",8,-17.77777778
"823",2019-02-25,"0700EE08C5","DOWO","M",22,-21.72222222
"824",2019-02-26,"0700EE08C5","DOWO","M",6,-16.11111111
"825",2019-02-27,"0700EE08C5","DOWO","M",4,-15.61111111
"826",2019-02-28,"0700EE08C5","DOWO","M",22,-13.88888889
"827",2019-03-01,"0700EE08C5","DOWO","M",39,-12.77777778
"828",2019-03-02,"0700EE08C5","DOWO","M",6,-13.27777778
"829",2019-03-03,"0700EE08C5","DOWO","M",31,-21.11111111
"830",2019-03-05,"0700EE08C5","DOWO","M",26,-13.27777778
"831",2019-03-06,"0700EE08C5","DOWO","M",54,-17.22222222
"832",2019-03-07,"0700EE08C5","DOWO","M",53,-3.888888889
"833",2019-03-08,"0700EE08C5","DOWO","M",17,-11.72222222
"834",2019-01-27,"0700EE1540","DOWO","M",3,-6.722222222
"835",2019-01-28,"0700EE1540","DOWO","M",9,-10.61111111
"836",2019-01-29,"0700EE1540","DOWO","M",18,-18.88888889
"837",2019-01-30,"0700EE1540","DOWO","M",69,-22.22222222
"838",2019-01-31,"0700EE1540","DOWO","M",43,-17.77777778
"839",2019-02-01,"0700EE1540","DOWO","M",35,-11.72222222
"840",2019-02-04,"0700EE1540","DOWO","M",8,-12.22222222
"841",2019-02-05,"0700EE1540","DOWO","M",35,-13.27777778
"842",2019-02-06,"0700EE1540","DOWO","M",23,-13.27777778
"843",2019-02-07,"0700EE1540","DOWO","M",107,-15.61111111
"844",2019-02-09,"0700EE1540","DOWO","M",8,-12.22222222
"845",2019-02-10,"0700EE1540","DOWO","M",26,-3.277777778
"846",2019-02-11,"0700EE1540","DOWO","M",53,-3.277777778
"847",2019-02-12,"0700EE1540","DOWO","M",15,-8.277777778
"848",2019-02-14,"0700EE1540","DOWO","M",8,-11.72222222
"849",2019-02-15,"0700EE1540","DOWO","M",20,-13.27777778
"850",2019-02-16,"0700EE1540","DOWO","M",48,-16.72222222
"851",2019-02-17,"0700EE1540","DOWO","M",9,-10
"852",2019-02-18,"0700EE1540","DOWO","M",15,-13.27777778
"853",2019-02-19,"0700EE1540","DOWO","M",17,-16.11111111
"854",2019-02-20,"0700EE1540","DOWO","M",14,-9.388888889
"855",2019-02-21,"0700EE1540","DOWO","M",41,-18.88888889
"856",2019-02-22,"0700EE1540","DOWO","M",28,-6.722222222
"857",2019-02-23,"0700EE1540","DOWO","M",36,-5
"858",2019-02-26,"0700EE1540","DOWO","M",38,-16.11111111
"859",2019-02-27,"0700EE1540","DOWO","M",12,-15.61111111
"860",2019-03-01,"0700EE1540","DOWO","M",2,-12.77777778
"861",2019-03-03,"0700EE1540","DOWO","M",53,-21.11111111
"862",2019-03-04,"0700EE1540","DOWO","M",3,-22.22222222
"863",2019-03-05,"0700EE1540","DOWO","M",1,-13.27777778
"864",2019-01-26,"0700EE1ECE","DOWO","F",89,-6.722222222
"865",2019-01-27,"0700EE1ECE","DOWO","F",88,-6.722222222
"866",2019-01-28,"0700EE1ECE","DOWO","F",92,-10.61111111
"867",2019-01-29,"0700EE1ECE","DOWO","F",122,-18.88888889
"868",2019-01-30,"0700EE1ECE","DOWO","F",102,-22.22222222
"869",2019-01-31,"0700EE1ECE","DOWO","F",6,-17.77777778
"870",2019-02-01,"0700EE1ECE","DOWO","F",37,-11.72222222
"871",2019-02-04,"0700EE1ECE","DOWO","F",26,-12.22222222
"872",2019-02-09,"0700EE1ECE","DOWO","F",2,-12.22222222
"873",2019-02-10,"0700EE1ECE","DOWO","F",6,-3.277777778
"874",2019-02-11,"0700EE1ECE","DOWO","F",142,-3.277777778
"875",2019-02-13,"0700EE1ECE","DOWO","F",123,-9.388888889
"876",2019-02-14,"0700EE1ECE","DOWO","F",13,-11.72222222
"877",2019-02-15,"0700EE1ECE","DOWO","F",143,-13.27777778
"878",2019-02-16,"0700EE1ECE","DOWO","F",92,-16.72222222
"879",2019-02-17,"0700EE1ECE","DOWO","F",14,-10
"880",2019-02-18,"0700EE1ECE","DOWO","F",54,-13.27777778
"881",2019-02-19,"0700EE1ECE","DOWO","F",120,-16.11111111
"882",2019-02-20,"0700EE1ECE","DOWO","F",63,-9.388888889
"883",2019-02-21,"0700EE1ECE","DOWO","F",162,-18.88888889
"884",2019-02-22,"0700EE1ECE","DOWO","F",119,-6.722222222
"885",2019-02-23,"0700EE1ECE","DOWO","F",79,-5
"886",2019-02-24,"0700EE1ECE","DOWO","F",15,-17.77777778
"887",2019-02-25,"0700EE1ECE","DOWO","F",71,-21.72222222
"888",2019-02-26,"0700EE1ECE","DOWO","F",18,-16.11111111
"889",2019-02-27,"0700EE1ECE","DOWO","F",15,-15.61111111
"890",2019-02-28,"0700EE1ECE","DOWO","F",16,-13.88888889
"891",2019-03-01,"0700EE1ECE","DOWO","F",52,-12.77777778
"892",2019-03-02,"0700EE1ECE","DOWO","F",23,-13.27777778
"893",2019-03-03,"0700EE1ECE","DOWO","F",34,-21.11111111
"894",2019-03-05,"0700EE1ECE","DOWO","F",22,-13.27777778
"895",2019-03-06,"0700EE1ECE","DOWO","F",47,-17.22222222
"896",2019-03-07,"0700EE1ECE","DOWO","F",34,-3.888888889
"897",2019-03-08,"0700EE1ECE","DOWO","F",101,-11.72222222
"898",2019-01-26,"0700EE257D","WBNU","F",199,-6.722222222
"899",2019-01-27,"0700EE257D","WBNU","F",205,-6.722222222
"900",2019-01-28,"0700EE257D","WBNU","F",158,-10.61111111
"901",2019-01-29,"0700EE257D","WBNU","F",158,-18.88888889
"902",2019-01-30,"0700EE257D","WBNU","F",180,-22.22222222
"903",2019-01-31,"0700EE257D","WBNU","F",119,-17.77777778
"904",2019-02-01,"0700EE257D","WBNU","F",128,-11.72222222
"905",2019-02-04,"0700EE257D","WBNU","F",168,-12.22222222
"906",2019-02-05,"0700EE257D","WBNU","F",144,-13.27777778
"907",2019-02-06,"0700EE257D","WBNU","F",124,-13.27777778
"908",2019-02-07,"0700EE257D","WBNU","F",90,-15.61111111
"909",2019-02-09,"0700EE257D","WBNU","F",237,-12.22222222
"910",2019-02-10,"0700EE257D","WBNU","F",247,-3.277777778
"911",2019-02-11,"0700EE257D","WBNU","F",139,-3.277777778
"912",2019-02-12,"0700EE257D","WBNU","F",203,-8.277777778
"913",2019-02-13,"0700EE257D","WBNU","F",217,-9.388888889
"914",2019-02-14,"0700EE257D","WBNU","F",63,-11.72222222
"915",2019-02-15,"0700EE257D","WBNU","F",120,-13.27777778
"916",2019-02-16,"0700EE257D","WBNU","F",115,-16.72222222
"917",2019-02-17,"0700EE257D","WBNU","F",109,-10
"918",2019-02-18,"0700EE257D","WBNU","F",135,-13.27777778
"919",2019-02-19,"0700EE257D","WBNU","F",144,-16.11111111
"920",2019-02-20,"0700EE257D","WBNU","F",88,-9.388888889
"921",2019-02-21,"0700EE257D","WBNU","F",71,-18.88888889
"922",2019-02-22,"0700EE257D","WBNU","F",194,-6.722222222
"923",2019-02-23,"0700EE257D","WBNU","F",85,-5
"924",2019-02-24,"0700EE257D","WBNU","F",82,-17.77777778
"925",2019-02-25,"0700EE257D","WBNU","F",147,-21.72222222
"926",2019-02-26,"0700EE257D","WBNU","F",179,-16.11111111
"927",2019-02-27,"0700EE257D","WBNU","F",109,-15.61111111
"928",2019-02-28,"0700EE257D","WBNU","F",241,-13.88888889
"929",2019-03-01,"0700EE257D","WBNU","F",126,-12.77777778
"930",2019-03-02,"0700EE257D","WBNU","F",71,-13.27777778
"931",2019-03-03,"0700EE257D","WBNU","F",123,-21.11111111
"932",2019-03-04,"0700EE257D","WBNU","F",134,-22.22222222
"933",2019-03-05,"0700EE257D","WBNU","F",125,-13.27777778
"934",2019-03-06,"0700EE257D","WBNU","F",128,-17.22222222
"935",2019-03-07,"0700EE257D","WBNU","F",91,-3.888888889
"936",2019-03-08,"0700EE257D","WBNU","F",78,-11.72222222
"937",2019-01-26,"0700EE27B1","DOWO","F",22,-6.722222222
"938",2019-01-27,"0700EE27B1","DOWO","F",84,-6.722222222
"939",2019-01-28,"0700EE27B1","DOWO","F",66,-10.61111111
"940",2019-01-29,"0700EE27B1","DOWO","F",63,-18.88888889
"941",2019-01-30,"0700EE27B1","DOWO","F",156,-22.22222222
"942",2019-01-31,"0700EE27B1","DOWO","F",39,-17.77777778
"943",2019-02-01,"0700EE27B1","DOWO","F",30,-11.72222222
"944",2019-02-04,"0700EE27B1","DOWO","F",27,-12.22222222
"945",2019-02-05,"0700EE27B1","DOWO","F",106,-13.27777778
"946",2019-02-06,"0700EE27B1","DOWO","F",111,-13.27777778
"947",2019-02-07,"0700EE27B1","DOWO","F",87,-15.61111111
"948",2019-02-09,"0700EE27B1","DOWO","F",65,-12.22222222
"949",2019-02-10,"0700EE27B1","DOWO","F",133,-3.277777778
"950",2019-02-11,"0700EE27B1","DOWO","F",105,-3.277777778
"951",2019-02-12,"0700EE27B1","DOWO","F",73,-8.277777778
"952",2019-02-13,"0700EE27B1","DOWO","F",96,-9.388888889
"953",2019-02-14,"0700EE27B1","DOWO","F",67,-11.72222222
"954",2019-02-15,"0700EE27B1","DOWO","F",89,-13.27777778
"955",2019-02-16,"0700EE27B1","DOWO","F",130,-16.72222222
"956",2019-02-17,"0700EE27B1","DOWO","F",159,-10
"957",2019-02-18,"0700EE27B1","DOWO","F",35,-13.27777778
"958",2019-02-19,"0700EE27B1","DOWO","F",43,-16.11111111
"959",2019-02-20,"0700EE27B1","DOWO","F",51,-9.388888889
"960",2019-02-21,"0700EE27B1","DOWO","F",93,-18.88888889
"961",2019-02-22,"0700EE27B1","DOWO","F",81,-6.722222222
"962",2019-02-23,"0700EE27B1","DOWO","F",144,-5
"963",2019-02-24,"0700EE27B1","DOWO","F",47,-17.77777778
"964",2019-02-25,"0700EE27B1","DOWO","F",191,-21.72222222
"965",2019-02-26,"0700EE27B1","DOWO","F",193,-16.11111111
"966",2019-02-27,"0700EE27B1","DOWO","F",180,-15.61111111
"967",2019-02-28,"0700EE27B1","DOWO","F",128,-13.88888889
"968",2019-03-01,"0700EE27B1","DOWO","F",165,-12.77777778
"969",2019-03-02,"0700EE27B1","DOWO","F",138,-13.27777778
"970",2019-03-03,"0700EE27B1","DOWO","F",237,-21.11111111
"971",2019-03-04,"0700EE27B1","DOWO","F",195,-22.22222222
"972",2019-03-05,"0700EE27B1","DOWO","F",184,-13.27777778
"973",2019-03-06,"0700EE27B1","DOWO","F",192,-17.22222222
"974",2019-03-07,"0700EE27B1","DOWO","F",156,-3.888888889
"975",2019-03-08,"0700EE27B1","DOWO","F",129,-11.72222222
"976",2019-03-09,"0700EE27B1","DOWO","F",42,-1.111111111
"977",2019-01-26,"0700EE315A","WBNU","M",82,-6.722222222
"978",2019-01-31,"0700EE315A","WBNU","M",31,-17.77777778
"979",2019-02-01,"0700EE315A","WBNU","M",142,-11.72222222
"980",2019-02-02,"0700EE315A","WBNU","M",56,1.111111111
"981",2019-02-03,"0700EE315A","WBNU","M",60,-1.111111111
"982",2019-02-04,"0700EE315A","WBNU","M",62,-12.22222222
"983",2019-02-05,"0700EE315A","WBNU","M",238,-13.27777778
"984",2019-02-06,"0700EE315A","WBNU","M",5,-13.27777778
"985",2019-02-14,"0700EE315A","WBNU","M",26,-11.72222222
"986",2019-02-15,"0700EE315A","WBNU","M",112,-13.27777778
"987",2019-02-16,"0700EE315A","WBNU","M",55,-16.72222222
"988",2019-02-17,"0700EE315A","WBNU","M",136,-10
"989",2019-02-18,"0700EE315A","WBNU","M",164,-13.27777778
"990",2019-02-19,"0700EE315A","WBNU","M",175,-16.11111111
"991",2019-02-20,"0700EE315A","WBNU","M",89,-9.388888889
"992",2019-02-22,"0700EE315A","WBNU","M",40,-6.722222222
"993",2019-02-23,"0700EE315A","WBNU","M",101,-5
"994",2019-02-24,"0700EE315A","WBNU","M",106,-17.77777778
"995",2019-02-25,"0700EE315A","WBNU","M",143,-21.72222222
"996",2019-02-26,"0700EE315A","WBNU","M",129,-16.11111111
"997",2019-02-27,"0700EE315A","WBNU","M",143,-15.61111111
"998",2019-02-28,"0700EE315A","WBNU","M",75,-13.88888889
"999",2019-03-02,"0700EE315A","WBNU","M",84,-13.27777778
"1000",2019-03-03,"0700EE315A","WBNU","M",107,-21.11111111
"1001",2019-03-04,"0700EE315A","WBNU","M",118,-22.22222222
"1002",2019-03-07,"0700EE315A","WBNU","M",33,-3.888888889
"1003",2019-03-08,"0700EE315A","WBNU","M",81,-11.72222222
"1004",2019-01-26,"0700EE3187","WBNU","U",64,-6.722222222
"1005",2019-01-27,"0700EE3187","WBNU","U",118,-6.722222222
"1006",2019-01-28,"0700EE3187","WBNU","U",71,-10.61111111
"1007",2019-01-29,"0700EE3187","WBNU","U",68,-18.88888889
"1008",2019-01-30,"0700EE3187","WBNU","U",94,-22.22222222
"1009",2019-02-01,"0700EE3187","WBNU","U",30,-11.72222222
"1010",2019-02-04,"0700EE3187","WBNU","U",22,-12.22222222
"1011",2019-02-13,"0700EE3187","WBNU","U",6,-9.388888889
"1012",2019-02-14,"0700EE3187","WBNU","U",30,-11.72222222
"1013",2019-02-15,"0700EE3187","WBNU","U",47,-13.27777778
"1014",2019-02-16,"0700EE3187","WBNU","U",10,-16.72222222
"1015",2019-02-18,"0700EE3187","WBNU","U",10,-13.27777778
"1016",2019-02-19,"0700EE3187","WBNU","U",38,-16.11111111
"1017",2019-02-20,"0700EE3187","WBNU","U",55,-9.388888889
"1018",2019-02-21,"0700EE3187","WBNU","U",14,-18.88888889
"1019",2019-02-22,"0700EE3187","WBNU","U",1,-6.722222222
"1020",2019-02-24,"0700EE3187","WBNU","U",7,-17.77777778
"1021",2019-02-25,"0700EE3187","WBNU","U",2,-21.72222222
"1022",2019-02-26,"0700EE3187","WBNU","U",4,-16.11111111
"1023",2019-02-28,"0700EE3187","WBNU","U",28,-13.88888889
"1024",2019-03-01,"0700EE3187","WBNU","U",91,-12.77777778
"1025",2019-03-02,"0700EE3187","WBNU","U",19,-13.27777778
"1026",2019-03-03,"0700EE3187","WBNU","U",50,-21.11111111
"1027",2019-03-05,"0700EE3187","WBNU","U",21,-13.27777778
"1028",2019-03-06,"0700EE3187","WBNU","U",53,-17.22222222
"1029",2019-03-07,"0700EE3187","WBNU","U",33,-3.888888889
"1030",2019-03-08,"0700EE3187","WBNU","U",47,-11.72222222
