"Date","RFID","Species","Sex","sumvisits","nightlows"
2019-01-27,"011016B9B5","WBNU","M",20,-6.72222222222222
2019-01-28,"011016B9B5","WBNU","M",1,-10.6111111111111
2019-01-29,"011016B9B5","WBNU","M",9,-18.8888888888889
2019-01-30,"011016B9B5","WBNU","M",33,-22.2222222222222
2019-01-31,"011016B9B5","WBNU","M",28,-17.7777777777778
2019-02-01,"011016B9B5","WBNU","M",19,-11.7222222222222
2019-02-02,"011016B9B5","WBNU","M",2,1.11111111111111
2019-02-04,"011016B9B5","WBNU","M",5,-12.2222222222222
2019-02-05,"011016B9B5","WBNU","M",2,-13.2777777777778
2019-02-06,"011016B9B5","WBNU","M",8,-13.2777777777778
2019-02-09,"011016B9B5","WBNU","M",11,-12.2222222222222
2019-02-10,"011016B9B5","WBNU","M",20,-3.27777777777778
2019-02-11,"011016B9B5","WBNU","M",3,-3.27777777777778
2019-02-15,"011016B9B5","WBNU","M",8,-13.2777777777778
2019-02-16,"011016B9B5","WBNU","M",1,-16.7222222222222
2019-02-17,"011016B9B5","WBNU","M",2,-10
2019-02-18,"011016B9B5","WBNU","M",6,-13.2777777777778
2019-02-19,"011016B9B5","WBNU","M",19,-16.1111111111111
2019-02-20,"011016B9B5","WBNU","M",13,-9.38888888888889
2019-02-21,"011016B9B5","WBNU","M",16,-18.8888888888889
2019-02-24,"011016B9B5","WBNU","M",4,-17.7777777777778
2019-02-25,"011016B9B5","WBNU","M",9,-21.7222222222222
2019-02-26,"011016B9B5","WBNU","M",10,-16.1111111111111
2019-02-27,"011016B9B5","WBNU","M",7,-15.6111111111111
2019-02-28,"011016B9B5","WBNU","M",37,-13.8888888888889
2019-03-01,"011016B9B5","WBNU","M",52,-12.7777777777778
2019-03-02,"011016B9B5","WBNU","M",25,-13.2777777777778
2019-03-03,"011016B9B5","WBNU","M",12,-21.1111111111111
2019-03-04,"011016B9B5","WBNU","M",3,-22.2222222222222
2019-03-06,"011016B9B5","WBNU","M",3,-17.2222222222222
2019-01-26,"011016BF63","WBNU","F",12,-6.72222222222222
2019-01-27,"011016BF63","WBNU","F",20,-6.72222222222222
2019-01-28,"011016BF63","WBNU","F",28,-10.6111111111111
2019-01-29,"011016BF63","WBNU","F",52,-18.8888888888889
2019-01-30,"011016BF63","WBNU","F",36,-22.2222222222222
2019-01-31,"011016BF63","WBNU","F",10,-17.7777777777778
2019-02-04,"011016BF63","WBNU","F",5,-12.2222222222222
2019-02-05,"011016BF63","WBNU","F",41,-13.2777777777778
2019-02-06,"011016BF63","WBNU","F",36,-13.2777777777778
2019-02-07,"011016BF63","WBNU","F",27,-15.6111111111111
2019-02-09,"011016BF63","WBNU","F",15,-12.2222222222222
2019-02-10,"011016BF63","WBNU","F",21,-3.27777777777778
2019-02-11,"011016BF63","WBNU","F",7,-3.27777777777778
2019-02-12,"011016BF63","WBNU","F",24,-8.27777777777778
2019-02-13,"011016BF63","WBNU","F",8,-9.38888888888889
2019-02-14,"011016BF63","WBNU","F",6,-11.7222222222222
2019-02-15,"011016BF63","WBNU","F",26,-13.2777777777778
2019-02-16,"011016BF63","WBNU","F",12,-16.7222222222222
2019-02-17,"011016BF63","WBNU","F",48,-10
2019-02-18,"011016BF63","WBNU","F",6,-13.2777777777778
2019-02-19,"011016BF63","WBNU","F",10,-16.1111111111111
2019-02-20,"011016BF63","WBNU","F",9,-9.38888888888889
2019-02-24,"011016BF63","WBNU","F",5,-17.7777777777778
2019-02-25,"011016BF63","WBNU","F",5,-21.7222222222222
2019-02-26,"011016BF63","WBNU","F",7,-16.1111111111111
2019-03-01,"011016BF63","WBNU","F",9,-12.7777777777778
2019-03-02,"011016BF63","WBNU","F",21,-13.2777777777778
2019-03-03,"011016BF63","WBNU","F",31,-21.1111111111111
2019-03-04,"011016BF63","WBNU","F",27,-22.2222222222222
2019-03-05,"011016BF63","WBNU","F",22,-13.2777777777778
2019-03-07,"011016BF63","WBNU","F",15,-3.88888888888889
2019-03-08,"011016BF63","WBNU","F",4,-11.7222222222222
2019-01-26,"011016FD8E","DOWO","M",62,-6.72222222222222
2019-01-27,"011016FD8E","DOWO","M",121,-6.72222222222222
2019-01-28,"011016FD8E","DOWO","M",16,-10.6111111111111
2019-01-29,"011016FD8E","DOWO","M",58,-18.8888888888889
2019-01-30,"011016FD8E","DOWO","M",132,-22.2222222222222
2019-01-31,"011016FD8E","DOWO","M",60,-17.7777777777778
2019-02-01,"011016FD8E","DOWO","M",33,-11.7222222222222
2019-02-02,"011016FD8E","DOWO","M",1,1.11111111111111
2019-02-03,"011016FD8E","DOWO","M",2,-1.11111111111111
2019-02-05,"011016FD8E","DOWO","M",35,-13.2777777777778
2019-02-06,"011016FD8E","DOWO","M",57,-13.2777777777778
2019-02-07,"011016FD8E","DOWO","M",4,-15.6111111111111
2019-02-09,"011016FD8E","DOWO","M",34,-12.2222222222222
2019-02-10,"011016FD8E","DOWO","M",65,-3.27777777777778
2019-02-11,"011016FD8E","DOWO","M",50,-3.27777777777778
2019-02-12,"011016FD8E","DOWO","M",52,-8.27777777777778
2019-02-13,"011016FD8E","DOWO","M",80,-9.38888888888889
2019-02-15,"011016FD8E","DOWO","M",31,-13.2777777777778
2019-02-16,"011016FD8E","DOWO","M",59,-16.7222222222222
2019-02-17,"011016FD8E","DOWO","M",12,-10
2019-02-18,"011016FD8E","DOWO","M",29,-13.2777777777778
2019-02-19,"011016FD8E","DOWO","M",64,-16.1111111111111
2019-02-20,"011016FD8E","DOWO","M",70,-9.38888888888889
2019-02-21,"011016FD8E","DOWO","M",54,-18.8888888888889
2019-02-22,"011016FD8E","DOWO","M",64,-6.72222222222222
2019-02-23,"011016FD8E","DOWO","M",15,-5
2019-02-24,"011016FD8E","DOWO","M",24,-17.7777777777778
2019-02-25,"011016FD8E","DOWO","M",39,-21.7222222222222
2019-02-26,"011016FD8E","DOWO","M",80,-16.1111111111111
2019-02-27,"011016FD8E","DOWO","M",59,-15.6111111111111
2019-02-28,"011016FD8E","DOWO","M",111,-13.8888888888889
2019-03-01,"011016FD8E","DOWO","M",135,-12.7777777777778
2019-03-02,"011016FD8E","DOWO","M",88,-13.2777777777778
2019-03-03,"011016FD8E","DOWO","M",86,-21.1111111111111
2019-03-04,"011016FD8E","DOWO","M",35,-22.2222222222222
2019-03-05,"011016FD8E","DOWO","M",26,-13.2777777777778
2019-03-06,"011016FD8E","DOWO","M",116,-17.2222222222222
2019-03-07,"011016FD8E","DOWO","M",112,-3.88888888888889
2019-03-08,"011016FD8E","DOWO","M",76,-11.7222222222222
2019-03-09,"011016FD8E","DOWO","M",14,-1.11111111111111
2019-01-26,"011016FE79","WBNU","M",74,-6.72222222222222
2019-01-27,"011016FE79","WBNU","M",57,-6.72222222222222
2019-01-28,"011016FE79","WBNU","M",62,-10.6111111111111
2019-01-29,"011016FE79","WBNU","M",54,-18.8888888888889
2019-01-30,"011016FE79","WBNU","M",60,-22.2222222222222
2019-01-31,"011016FE79","WBNU","M",21,-17.7777777777778
2019-02-01,"011016FE79","WBNU","M",37,-11.7222222222222
2019-02-04,"011016FE79","WBNU","M",25,-12.2222222222222
2019-02-06,"011016FE79","WBNU","M",2,-13.2777777777778
2019-02-11,"011016FE79","WBNU","M",3,-3.27777777777778
2019-02-12,"011016FE79","WBNU","M",28,-8.27777777777778
2019-02-13,"011016FE79","WBNU","M",14,-9.38888888888889
2019-02-14,"011016FE79","WBNU","M",36,-11.7222222222222
2019-02-15,"011016FE79","WBNU","M",58,-13.2777777777778
2019-02-16,"011016FE79","WBNU","M",5,-16.7222222222222
2019-02-18,"011016FE79","WBNU","M",5,-13.2777777777778
2019-02-19,"011016FE79","WBNU","M",27,-16.1111111111111
2019-02-20,"011016FE79","WBNU","M",21,-9.38888888888889
2019-02-21,"011016FE79","WBNU","M",10,-18.8888888888889
2019-02-22,"011016FE79","WBNU","M",4,-6.72222222222222
2019-02-23,"011016FE79","WBNU","M",32,-5
2019-02-24,"011016FE79","WBNU","M",5,-17.7777777777778
2019-02-26,"011016FE79","WBNU","M",34,-16.1111111111111
2019-02-27,"011016FE79","WBNU","M",166,-15.6111111111111
2019-02-28,"011016FE79","WBNU","M",36,-13.8888888888889
2019-03-01,"011016FE79","WBNU","M",2,-12.7777777777778
2019-03-02,"011016FE79","WBNU","M",104,-13.2777777777778
2019-03-03,"011016FE79","WBNU","M",261,-21.1111111111111
2019-03-04,"011016FE79","WBNU","M",298,-22.2222222222222
2019-03-05,"011016FE79","WBNU","M",42,-13.2777777777778
2019-03-06,"011016FE79","WBNU","M",10,-17.2222222222222
2019-03-07,"011016FE79","WBNU","M",36,-3.88888888888889
2019-03-08,"011016FE79","WBNU","M",17,-11.7222222222222
2019-01-30,"01101706AD","WBNU","F",53,-22.2222222222222
2019-02-01,"01101706AD","WBNU","F",11,-11.7222222222222
2019-02-04,"01101706AD","WBNU","F",15,-12.2222222222222
2019-02-12,"01101706AD","WBNU","F",9,-8.27777777777778
2019-02-13,"01101706AD","WBNU","F",9,-9.38888888888889
2019-02-14,"01101706AD","WBNU","F",18,-11.7222222222222
2019-02-15,"01101706AD","WBNU","F",50,-13.2777777777778
2019-02-17,"01101706AD","WBNU","F",52,-10
2019-02-18,"01101706AD","WBNU","F",32,-13.2777777777778
2019-02-19,"01101706AD","WBNU","F",2,-16.1111111111111
2019-02-20,"01101706AD","WBNU","F",5,-9.38888888888889
2019-02-21,"01101706AD","WBNU","F",44,-18.8888888888889
2019-02-22,"01101706AD","WBNU","F",75,-6.72222222222222
2019-02-23,"01101706AD","WBNU","F",33,-5
2019-02-24,"01101706AD","WBNU","F",29,-17.7777777777778
2019-02-26,"01101706AD","WBNU","F",75,-16.1111111111111
2019-02-27,"01101706AD","WBNU","F",29,-15.6111111111111
2019-02-28,"01101706AD","WBNU","F",82,-13.8888888888889
2019-03-01,"01101706AD","WBNU","F",58,-12.7777777777778
2019-03-02,"01101706AD","WBNU","F",39,-13.2777777777778
2019-03-03,"01101706AD","WBNU","F",22,-21.1111111111111
2019-03-04,"01101706AD","WBNU","F",22,-22.2222222222222
2019-03-05,"01101706AD","WBNU","F",48,-13.2777777777778
2019-03-06,"01101706AD","WBNU","F",28,-17.2222222222222
2019-03-07,"01101706AD","WBNU","F",106,-3.88888888888889
2019-03-08,"01101706AD","WBNU","F",41,-11.7222222222222
2019-01-26,"0110170BCF","DOWO","F",36,-6.72222222222222
2019-01-27,"0110170BCF","DOWO","F",113,-6.72222222222222
2019-01-28,"0110170BCF","DOWO","F",109,-10.6111111111111
2019-01-29,"0110170BCF","DOWO","F",160,-18.8888888888889
2019-01-30,"0110170BCF","DOWO","F",161,-22.2222222222222
2019-01-31,"0110170BCF","DOWO","F",128,-17.7777777777778
2019-02-01,"0110170BCF","DOWO","F",56,-11.7222222222222
2019-02-04,"0110170BCF","DOWO","F",55,-12.2222222222222
2019-02-05,"0110170BCF","DOWO","F",63,-13.2777777777778
2019-02-06,"0110170BCF","DOWO","F",113,-13.2777777777778
2019-02-07,"0110170BCF","DOWO","F",31,-15.6111111111111
2019-02-09,"0110170BCF","DOWO","F",114,-12.2222222222222
2019-02-10,"0110170BCF","DOWO","F",150,-3.27777777777778
2019-02-11,"0110170BCF","DOWO","F",99,-3.27777777777778
2019-02-12,"0110170BCF","DOWO","F",73,-8.27777777777778
2019-02-13,"0110170BCF","DOWO","F",116,-9.38888888888889
2019-02-14,"0110170BCF","DOWO","F",73,-11.7222222222222
2019-02-15,"0110170BCF","DOWO","F",163,-13.2777777777778
2019-02-16,"0110170BCF","DOWO","F",123,-16.7222222222222
2019-02-17,"0110170BCF","DOWO","F",123,-10
2019-02-18,"0110170BCF","DOWO","F",153,-13.2777777777778
2019-02-19,"0110170BCF","DOWO","F",140,-16.1111111111111
2019-02-20,"0110170BCF","DOWO","F",143,-9.38888888888889
2019-02-21,"0110170BCF","DOWO","F",66,-18.8888888888889
2019-02-22,"0110170BCF","DOWO","F",128,-6.72222222222222
2019-02-23,"0110170BCF","DOWO","F",124,-5
2019-02-24,"0110170BCF","DOWO","F",22,-17.7777777777778
2019-02-25,"0110170BCF","DOWO","F",105,-21.7222222222222
2019-02-26,"0110170BCF","DOWO","F",91,-16.1111111111111
2019-02-27,"0110170BCF","DOWO","F",162,-15.6111111111111
2019-02-28,"0110170BCF","DOWO","F",96,-13.8888888888889
2019-03-01,"0110170BCF","DOWO","F",80,-12.7777777777778
2019-03-02,"0110170BCF","DOWO","F",171,-13.2777777777778
2019-03-03,"0110170BCF","DOWO","F",157,-21.1111111111111
2019-03-04,"0110170BCF","DOWO","F",134,-22.2222222222222
2019-03-05,"0110170BCF","DOWO","F",93,-13.2777777777778
2019-03-06,"0110170BCF","DOWO","F",73,-17.2222222222222
2019-03-07,"0110170BCF","DOWO","F",17,-3.88888888888889
2019-03-08,"0110170BCF","DOWO","F",27,-11.7222222222222
2019-03-09,"0110170BCF","DOWO","F",7,-1.11111111111111
2019-01-26,"0110170F15","DOWO","M",58,-6.72222222222222
2019-01-27,"0110170F15","DOWO","M",93,-6.72222222222222
2019-01-28,"0110170F15","DOWO","M",56,-10.6111111111111
2019-01-29,"0110170F15","DOWO","M",76,-18.8888888888889
2019-01-30,"0110170F15","DOWO","M",177,-22.2222222222222
2019-01-31,"0110170F15","DOWO","M",49,-17.7777777777778
2019-02-01,"0110170F15","DOWO","M",25,-11.7222222222222
2019-02-04,"0110170F15","DOWO","M",74,-12.2222222222222
2019-02-05,"0110170F15","DOWO","M",97,-13.2777777777778
2019-02-06,"0110170F15","DOWO","M",123,-13.2777777777778
2019-02-07,"0110170F15","DOWO","M",89,-15.6111111111111
2019-02-09,"0110170F15","DOWO","M",64,-12.2222222222222
2019-02-10,"0110170F15","DOWO","M",169,-3.27777777777778
2019-02-11,"0110170F15","DOWO","M",104,-3.27777777777778
2019-02-12,"0110170F15","DOWO","M",77,-8.27777777777778
2019-02-13,"0110170F15","DOWO","M",65,-9.38888888888889
2019-02-14,"0110170F15","DOWO","M",21,-11.7222222222222
2019-02-15,"0110170F15","DOWO","M",109,-13.2777777777778
2019-02-16,"0110170F15","DOWO","M",70,-16.7222222222222
2019-02-17,"0110170F15","DOWO","M",86,-10
2019-02-18,"0110170F15","DOWO","M",48,-13.2777777777778
2019-02-19,"0110170F15","DOWO","M",39,-16.1111111111111
2019-02-20,"0110170F15","DOWO","M",54,-9.38888888888889
2019-02-21,"0110170F15","DOWO","M",119,-18.8888888888889
2019-02-22,"0110170F15","DOWO","M",68,-6.72222222222222
2019-02-23,"0110170F15","DOWO","M",100,-5
2019-02-24,"0110170F15","DOWO","M",61,-17.7777777777778
2019-02-25,"0110170F15","DOWO","M",84,-21.7222222222222
2019-02-26,"0110170F15","DOWO","M",85,-16.1111111111111
2019-02-27,"0110170F15","DOWO","M",109,-15.6111111111111
2019-02-28,"0110170F15","DOWO","M",77,-13.8888888888889
2019-03-01,"0110170F15","DOWO","M",92,-12.7777777777778
2019-03-02,"0110170F15","DOWO","M",101,-13.2777777777778
2019-03-03,"0110170F15","DOWO","M",77,-21.1111111111111
2019-03-04,"0110170F15","DOWO","M",88,-22.2222222222222
2019-03-05,"0110170F15","DOWO","M",78,-13.2777777777778
2019-03-06,"0110170F15","DOWO","M",89,-17.2222222222222
2019-03-07,"0110170F15","DOWO","M",68,-3.88888888888889
2019-03-08,"0110170F15","DOWO","M",68,-11.7222222222222
2019-03-09,"0110170F15","DOWO","M",11,-1.11111111111111
2019-01-26,"011017171D","DOWO","M",77,-6.72222222222222
2019-01-27,"011017171D","DOWO","M",81,-6.72222222222222
2019-01-28,"011017171D","DOWO","M",59,-10.6111111111111
2019-01-29,"011017171D","DOWO","M",127,-18.8888888888889
2019-01-30,"011017171D","DOWO","M",153,-22.2222222222222
2019-01-31,"011017171D","DOWO","M",164,-17.7777777777778
2019-02-01,"011017171D","DOWO","M",122,-11.7222222222222
2019-02-02,"011017171D","DOWO","M",39,1.11111111111111
2019-02-03,"011017171D","DOWO","M",13,-1.11111111111111
2019-02-04,"011017171D","DOWO","M",29,-12.2222222222222
2019-02-05,"011017171D","DOWO","M",17,-13.2777777777778
2019-02-06,"011017171D","DOWO","M",52,-13.2777777777778
2019-02-07,"011017171D","DOWO","M",62,-15.6111111111111
2019-02-09,"011017171D","DOWO","M",90,-12.2222222222222
2019-02-10,"011017171D","DOWO","M",133,-3.27777777777778
2019-02-11,"011017171D","DOWO","M",52,-3.27777777777778
2019-02-12,"011017171D","DOWO","M",28,-8.27777777777778
2019-02-13,"011017171D","DOWO","M",121,-9.38888888888889
2019-02-14,"011017171D","DOWO","M",82,-11.7222222222222
2019-02-15,"011017171D","DOWO","M",72,-13.2777777777778
2019-02-16,"011017171D","DOWO","M",90,-16.7222222222222
2019-02-17,"011017171D","DOWO","M",123,-10
2019-02-18,"011017171D","DOWO","M",119,-13.2777777777778
2019-02-19,"011017171D","DOWO","M",138,-16.1111111111111
2019-02-20,"011017171D","DOWO","M",99,-9.38888888888889
2019-02-21,"011017171D","DOWO","M",36,-18.8888888888889
2019-02-22,"011017171D","DOWO","M",51,-6.72222222222222
2019-02-23,"011017171D","DOWO","M",22,-5
2019-02-24,"011017171D","DOWO","M",66,-17.7777777777778
2019-02-25,"011017171D","DOWO","M",153,-21.7222222222222
2019-02-26,"011017171D","DOWO","M",182,-16.1111111111111
2019-02-27,"011017171D","DOWO","M",179,-15.6111111111111
2019-02-28,"011017171D","DOWO","M",58,-13.8888888888889
2019-03-01,"011017171D","DOWO","M",67,-12.7777777777778
2019-03-02,"011017171D","DOWO","M",107,-13.2777777777778
2019-03-03,"011017171D","DOWO","M",150,-21.1111111111111
2019-03-04,"011017171D","DOWO","M",57,-22.2222222222222
2019-03-05,"011017171D","DOWO","M",13,-13.2777777777778
2019-03-06,"011017171D","DOWO","M",38,-17.2222222222222
2019-03-07,"011017171D","DOWO","M",13,-3.88888888888889
2019-01-26,"0110172D57","DOWO","F",40,-6.72222222222222
2019-01-27,"0110172D57","DOWO","F",155,-6.72222222222222
2019-01-28,"0110172D57","DOWO","F",30,-10.6111111111111
2019-01-29,"0110172D57","DOWO","F",64,-18.8888888888889
2019-01-30,"0110172D57","DOWO","F",124,-22.2222222222222
2019-01-31,"0110172D57","DOWO","F",73,-17.7777777777778
2019-02-01,"0110172D57","DOWO","F",60,-11.7222222222222
2019-02-02,"0110172D57","DOWO","F",9,1.11111111111111
2019-02-04,"0110172D57","DOWO","F",9,-12.2222222222222
2019-02-05,"0110172D57","DOWO","F",60,-13.2777777777778
2019-02-06,"0110172D57","DOWO","F",142,-13.2777777777778
2019-02-07,"0110172D57","DOWO","F",10,-15.6111111111111
2019-02-09,"0110172D57","DOWO","F",44,-12.2222222222222
2019-02-10,"0110172D57","DOWO","F",127,-3.27777777777778
2019-02-11,"0110172D57","DOWO","F",85,-3.27777777777778
2019-02-12,"0110172D57","DOWO","F",61,-8.27777777777778
2019-02-13,"0110172D57","DOWO","F",55,-9.38888888888889
2019-02-14,"0110172D57","DOWO","F",21,-11.7222222222222
2019-02-15,"0110172D57","DOWO","F",107,-13.2777777777778
2019-02-16,"0110172D57","DOWO","F",66,-16.7222222222222
2019-02-17,"0110172D57","DOWO","F",187,-10
2019-02-18,"0110172D57","DOWO","F",46,-13.2777777777778
2019-02-19,"0110172D57","DOWO","F",39,-16.1111111111111
2019-02-20,"0110172D57","DOWO","F",3,-9.38888888888889
2019-02-21,"0110172D57","DOWO","F",43,-18.8888888888889
2019-02-22,"0110172D57","DOWO","F",120,-6.72222222222222
2019-02-23,"0110172D57","DOWO","F",232,-5
2019-02-24,"0110172D57","DOWO","F",48,-17.7777777777778
2019-02-25,"0110172D57","DOWO","F",95,-21.7222222222222
2019-02-26,"0110172D57","DOWO","F",203,-16.1111111111111
2019-02-27,"0110172D57","DOWO","F",159,-15.6111111111111
2019-02-28,"0110172D57","DOWO","F",86,-13.8888888888889
2019-03-01,"0110172D57","DOWO","F",25,-12.7777777777778
2019-03-02,"0110172D57","DOWO","F",119,-13.2777777777778
2019-03-03,"0110172D57","DOWO","F",175,-21.1111111111111
2019-03-04,"0110172D57","DOWO","F",215,-22.2222222222222
2019-03-05,"0110172D57","DOWO","F",28,-13.2777777777778
2019-03-06,"0110172D57","DOWO","F",19,-17.2222222222222
2019-03-07,"0110172D57","DOWO","F",53,-3.88888888888889
2019-03-08,"0110172D57","DOWO","F",63,-11.7222222222222
2019-01-26,"01101736BA","WBNU","M",93,-6.72222222222222
2019-01-27,"01101736BA","WBNU","M",122,-6.72222222222222
2019-01-28,"01101736BA","WBNU","M",120,-10.6111111111111
2019-01-29,"01101736BA","WBNU","M",112,-18.8888888888889
2019-01-30,"01101736BA","WBNU","M",114,-22.2222222222222
2019-01-31,"01101736BA","WBNU","M",67,-17.7777777777778
2019-02-01,"01101736BA","WBNU","M",65,-11.7222222222222
2019-02-04,"01101736BA","WBNU","M",93,-12.2222222222222
2019-02-05,"01101736BA","WBNU","M",49,-13.2777777777778
2019-02-06,"01101736BA","WBNU","M",110,-13.2777777777778
2019-02-07,"01101736BA","WBNU","M",94,-15.6111111111111
2019-02-09,"01101736BA","WBNU","M",105,-12.2222222222222
2019-02-10,"01101736BA","WBNU","M",110,-3.27777777777778
2019-02-11,"01101736BA","WBNU","M",99,-3.27777777777778
2019-02-12,"01101736BA","WBNU","M",160,-8.27777777777778
2019-02-13,"01101736BA","WBNU","M",151,-9.38888888888889
2019-02-14,"01101736BA","WBNU","M",101,-11.7222222222222
2019-02-15,"01101736BA","WBNU","M",105,-13.2777777777778
2019-02-16,"01101736BA","WBNU","M",95,-16.7222222222222
2019-02-17,"01101736BA","WBNU","M",102,-10
2019-02-18,"01101736BA","WBNU","M",126,-13.2777777777778
2019-02-19,"01101736BA","WBNU","M",108,-16.1111111111111
2019-02-20,"01101736BA","WBNU","M",97,-9.38888888888889
2019-02-21,"01101736BA","WBNU","M",76,-18.8888888888889
2019-02-22,"01101736BA","WBNU","M",104,-6.72222222222222
2019-02-23,"01101736BA","WBNU","M",70,-5
2019-02-24,"01101736BA","WBNU","M",79,-17.7777777777778
2019-02-25,"01101736BA","WBNU","M",71,-21.7222222222222
2019-02-26,"01101736BA","WBNU","M",143,-16.1111111111111
2019-02-27,"01101736BA","WBNU","M",56,-15.6111111111111
2019-02-28,"01101736BA","WBNU","M",90,-13.8888888888889
2019-03-01,"01101736BA","WBNU","M",119,-12.7777777777778
2019-03-02,"01101736BA","WBNU","M",93,-13.2777777777778
2019-03-03,"01101736BA","WBNU","M",123,-21.1111111111111
2019-03-04,"01101736BA","WBNU","M",117,-22.2222222222222
2019-03-05,"01101736BA","WBNU","M",68,-13.2777777777778
2019-03-06,"01101736BA","WBNU","M",68,-17.2222222222222
2019-03-07,"01101736BA","WBNU","M",50,-3.88888888888889
2019-03-08,"01101736BA","WBNU","M",10,-11.7222222222222
2019-01-27,"011017396E","DOWO","M",16,-6.72222222222222
2019-01-29,"011017396E","DOWO","M",8,-18.8888888888889
2019-01-30,"011017396E","DOWO","M",29,-22.2222222222222
2019-01-31,"011017396E","DOWO","M",1,-17.7777777777778
2019-02-15,"011017396E","DOWO","M",4,-13.2777777777778
2019-02-23,"011017396E","DOWO","M",11,-5
2019-03-01,"011017396E","DOWO","M",59,-12.7777777777778
2019-03-06,"011017396E","DOWO","M",5,-17.2222222222222
2019-01-27,"0110173C26","WBNU","M",1,-6.72222222222222
2019-01-31,"0110173C26","WBNU","M",18,-17.7777777777778
2019-02-01,"0110173C26","WBNU","M",15,-11.7222222222222
2019-02-05,"0110173C26","WBNU","M",3,-13.2777777777778
2019-02-15,"0110173C26","WBNU","M",1,-13.2777777777778
2019-02-17,"0110173C26","WBNU","M",7,-10
2019-02-18,"0110173C26","WBNU","M",19,-13.2777777777778
2019-02-19,"0110173C26","WBNU","M",4,-16.1111111111111
2019-02-20,"0110173C26","WBNU","M",18,-9.38888888888889
2019-02-21,"0110173C26","WBNU","M",2,-18.8888888888889
2019-02-22,"0110173C26","WBNU","M",16,-6.72222222222222
2019-02-23,"0110173C26","WBNU","M",4,-5
2019-02-26,"0110173C26","WBNU","M",58,-16.1111111111111
2019-02-27,"0110173C26","WBNU","M",29,-15.6111111111111
2019-02-28,"0110173C26","WBNU","M",1,-13.8888888888889
2019-03-03,"0110173C26","WBNU","M",19,-21.1111111111111
2019-03-05,"0110173C26","WBNU","M",19,-13.2777777777778
2019-03-06,"0110173C26","WBNU","M",7,-17.2222222222222
2019-03-07,"0110173C26","WBNU","M",4,-3.88888888888889
2019-03-08,"0110173C26","WBNU","M",16,-11.7222222222222
2019-01-26,"0110173E3A","DOWO","M",34,-6.72222222222222
2019-01-27,"0110173E3A","DOWO","M",103,-6.72222222222222
2019-01-28,"0110173E3A","DOWO","M",15,-10.6111111111111
2019-01-29,"0110173E3A","DOWO","M",91,-18.8888888888889
2019-01-30,"0110173E3A","DOWO","M",181,-22.2222222222222
2019-01-31,"0110173E3A","DOWO","M",18,-17.7777777777778
2019-02-01,"0110173E3A","DOWO","M",8,-11.7222222222222
2019-02-04,"0110173E3A","DOWO","M",10,-12.2222222222222
2019-02-05,"0110173E3A","DOWO","M",80,-13.2777777777778
2019-02-06,"0110173E3A","DOWO","M",75,-13.2777777777778
2019-02-07,"0110173E3A","DOWO","M",31,-15.6111111111111
2019-02-09,"0110173E3A","DOWO","M",20,-12.2222222222222
2019-02-10,"0110173E3A","DOWO","M",96,-3.27777777777778
2019-02-11,"0110173E3A","DOWO","M",103,-3.27777777777778
2019-02-12,"0110173E3A","DOWO","M",80,-8.27777777777778
2019-02-13,"0110173E3A","DOWO","M",40,-9.38888888888889
2019-02-14,"0110173E3A","DOWO","M",22,-11.7222222222222
2019-02-15,"0110173E3A","DOWO","M",78,-13.2777777777778
2019-02-16,"0110173E3A","DOWO","M",57,-16.7222222222222
2019-02-17,"0110173E3A","DOWO","M",37,-10
2019-02-18,"0110173E3A","DOWO","M",23,-13.2777777777778
2019-02-19,"0110173E3A","DOWO","M",50,-16.1111111111111
2019-02-20,"0110173E3A","DOWO","M",56,-9.38888888888889
2019-02-21,"0110173E3A","DOWO","M",65,-18.8888888888889
2019-02-22,"0110173E3A","DOWO","M",32,-6.72222222222222
2019-02-23,"0110173E3A","DOWO","M",64,-5
2019-02-24,"0110173E3A","DOWO","M",85,-17.7777777777778
2019-02-25,"0110173E3A","DOWO","M",54,-21.7222222222222
2019-02-26,"0110173E3A","DOWO","M",63,-16.1111111111111
2019-02-27,"0110173E3A","DOWO","M",58,-15.6111111111111
2019-02-28,"0110173E3A","DOWO","M",31,-13.8888888888889
2019-03-01,"0110173E3A","DOWO","M",25,-12.7777777777778
2019-03-02,"0110173E3A","DOWO","M",32,-13.2777777777778
2019-03-03,"0110173E3A","DOWO","M",58,-21.1111111111111
2019-03-04,"0110173E3A","DOWO","M",33,-22.2222222222222
2019-03-05,"0110173E3A","DOWO","M",26,-13.2777777777778
2019-03-06,"0110173E3A","DOWO","M",19,-17.2222222222222
2019-03-07,"0110173E3A","DOWO","M",37,-3.88888888888889
2019-03-08,"0110173E3A","DOWO","M",4,-11.7222222222222
2019-01-26,"0110173FFA","DOWO","M",34,-6.72222222222222
2019-01-27,"0110173FFA","DOWO","M",144,-6.72222222222222
2019-01-28,"0110173FFA","DOWO","M",72,-10.6111111111111
2019-01-29,"0110173FFA","DOWO","M",101,-18.8888888888889
2019-01-30,"0110173FFA","DOWO","M",97,-22.2222222222222
2019-01-31,"0110173FFA","DOWO","M",85,-17.7777777777778
2019-02-01,"0110173FFA","DOWO","M",62,-11.7222222222222
2019-02-04,"0110173FFA","DOWO","M",65,-12.2222222222222
2019-02-05,"0110173FFA","DOWO","M",104,-13.2777777777778
2019-02-06,"0110173FFA","DOWO","M",101,-13.2777777777778
2019-02-07,"0110173FFA","DOWO","M",67,-15.6111111111111
2019-02-09,"0110173FFA","DOWO","M",73,-12.2222222222222
2019-02-10,"0110173FFA","DOWO","M",190,-3.27777777777778
2019-02-11,"0110173FFA","DOWO","M",77,-3.27777777777778
2019-02-12,"0110173FFA","DOWO","M",85,-8.27777777777778
2019-02-13,"0110173FFA","DOWO","M",80,-9.38888888888889
2019-02-14,"0110173FFA","DOWO","M",78,-11.7222222222222
2019-02-15,"0110173FFA","DOWO","M",88,-13.2777777777778
2019-02-16,"0110173FFA","DOWO","M",81,-16.7222222222222
2019-02-17,"0110173FFA","DOWO","M",75,-10
2019-02-18,"0110173FFA","DOWO","M",97,-13.2777777777778
2019-02-19,"0110173FFA","DOWO","M",93,-16.1111111111111
2019-02-20,"0110173FFA","DOWO","M",29,-9.38888888888889
2019-02-21,"0110173FFA","DOWO","M",49,-18.8888888888889
2019-02-22,"0110173FFA","DOWO","M",86,-6.72222222222222
2019-02-23,"0110173FFA","DOWO","M",45,-5
2019-02-24,"0110173FFA","DOWO","M",17,-17.7777777777778
2019-02-25,"0110173FFA","DOWO","M",40,-21.7222222222222
2019-02-26,"0110173FFA","DOWO","M",108,-16.1111111111111
2019-02-27,"0110173FFA","DOWO","M",101,-15.6111111111111
2019-02-28,"0110173FFA","DOWO","M",62,-13.8888888888889
2019-03-01,"0110173FFA","DOWO","M",37,-12.7777777777778
2019-03-02,"0110173FFA","DOWO","M",76,-13.2777777777778
2019-03-03,"0110173FFA","DOWO","M",101,-21.1111111111111
2019-03-04,"0110173FFA","DOWO","M",91,-22.2222222222222
2019-03-05,"0110173FFA","DOWO","M",91,-13.2777777777778
2019-03-06,"0110173FFA","DOWO","M",42,-17.2222222222222
2019-03-07,"0110173FFA","DOWO","M",64,-3.88888888888889
2019-03-08,"0110173FFA","DOWO","M",68,-11.7222222222222
2019-03-09,"0110173FFA","DOWO","M",60,-1.11111111111111
2019-01-26,"01101747D3","WBNU","F",67,-6.72222222222222
2019-01-27,"01101747D3","WBNU","F",16,-6.72222222222222
2019-01-29,"01101747D3","WBNU","F",70,-18.8888888888889
2019-01-30,"01101747D3","WBNU","F",118,-22.2222222222222
2019-01-31,"01101747D3","WBNU","F",242,-17.7777777777778
2019-02-01,"01101747D3","WBNU","F",137,-11.7222222222222
2019-02-02,"01101747D3","WBNU","F",151,1.11111111111111
2019-02-03,"01101747D3","WBNU","F",102,-1.11111111111111
2019-02-04,"01101747D3","WBNU","F",125,-12.2222222222222
2019-02-05,"01101747D3","WBNU","F",118,-13.2777777777778
2019-02-06,"01101747D3","WBNU","F",185,-13.2777777777778
2019-02-07,"01101747D3","WBNU","F",102,-15.6111111111111
2019-02-09,"01101747D3","WBNU","F",4,-12.2222222222222
2019-02-11,"01101747D3","WBNU","F",61,-3.27777777777778
2019-02-12,"01101747D3","WBNU","F",96,-8.27777777777778
2019-02-13,"01101747D3","WBNU","F",69,-9.38888888888889
2019-02-14,"01101747D3","WBNU","F",49,-11.7222222222222
2019-02-15,"01101747D3","WBNU","F",17,-13.2777777777778
2019-02-16,"01101747D3","WBNU","F",150,-16.7222222222222
2019-02-17,"01101747D3","WBNU","F",177,-10
2019-02-18,"01101747D3","WBNU","F",128,-13.2777777777778
2019-02-19,"01101747D3","WBNU","F",149,-16.1111111111111
2019-02-20,"01101747D3","WBNU","F",32,-9.38888888888889
2019-02-22,"01101747D3","WBNU","F",79,-6.72222222222222
2019-02-23,"01101747D3","WBNU","F",75,-5
2019-02-24,"01101747D3","WBNU","F",90,-17.7777777777778
2019-02-25,"01101747D3","WBNU","F",139,-21.7222222222222
2019-02-26,"01101747D3","WBNU","F",188,-16.1111111111111
2019-02-27,"01101747D3","WBNU","F",205,-15.6111111111111
2019-02-28,"01101747D3","WBNU","F",85,-13.8888888888889
2019-03-01,"01101747D3","WBNU","F",19,-12.7777777777778
2019-03-02,"01101747D3","WBNU","F",94,-13.2777777777778
2019-03-03,"01101747D3","WBNU","F",176,-21.1111111111111
2019-03-04,"01101747D3","WBNU","F",149,-22.2222222222222
2019-03-06,"01101747D3","WBNU","F",5,-17.2222222222222
2019-03-07,"01101747D3","WBNU","F",58,-3.88888888888889
2019-03-08,"01101747D3","WBNU","F",66,-11.7222222222222
2019-01-26,"01101748C7","DOWO","F",119,-6.72222222222222
2019-01-27,"01101748C7","DOWO","F",15,-6.72222222222222
2019-01-28,"01101748C7","DOWO","F",9,-10.6111111111111
2019-01-29,"01101748C7","DOWO","F",68,-18.8888888888889
2019-01-30,"01101748C7","DOWO","F",244,-22.2222222222222
2019-01-31,"01101748C7","DOWO","F",185,-17.7777777777778
2019-02-01,"01101748C7","DOWO","F",138,-11.7222222222222
2019-02-02,"01101748C7","DOWO","F",113,1.11111111111111
2019-02-03,"01101748C7","DOWO","F",97,-1.11111111111111
2019-02-04,"01101748C7","DOWO","F",56,-12.2222222222222
2019-02-05,"01101748C7","DOWO","F",124,-13.2777777777778
2019-02-06,"01101748C7","DOWO","F",206,-13.2777777777778
2019-02-07,"01101748C7","DOWO","F",163,-15.6111111111111
2019-02-09,"01101748C7","DOWO","F",4,-12.2222222222222
2019-02-11,"01101748C7","DOWO","F",57,-3.27777777777778
2019-02-12,"01101748C7","DOWO","F",110,-8.27777777777778
2019-02-13,"01101748C7","DOWO","F",118,-9.38888888888889
2019-02-14,"01101748C7","DOWO","F",46,-11.7222222222222
2019-02-15,"01101748C7","DOWO","F",28,-13.2777777777778
2019-02-16,"01101748C7","DOWO","F",95,-16.7222222222222
2019-02-17,"01101748C7","DOWO","F",174,-10
2019-02-18,"01101748C7","DOWO","F",154,-13.2777777777778
2019-02-19,"01101748C7","DOWO","F",200,-16.1111111111111
2019-02-20,"01101748C7","DOWO","F",64,-9.38888888888889
2019-02-21,"01101748C7","DOWO","F",12,-18.8888888888889
2019-02-22,"01101748C7","DOWO","F",63,-6.72222222222222
2019-02-23,"01101748C7","DOWO","F",194,-5
2019-02-24,"01101748C7","DOWO","F",120,-17.7777777777778
2019-02-25,"01101748C7","DOWO","F",187,-21.7222222222222
2019-02-26,"01101748C7","DOWO","F",220,-16.1111111111111
2019-02-27,"01101748C7","DOWO","F",179,-15.6111111111111
2019-02-28,"01101748C7","DOWO","F",139,-13.8888888888889
2019-03-01,"01101748C7","DOWO","F",68,-12.7777777777778
2019-03-02,"01101748C7","DOWO","F",203,-13.2777777777778
2019-03-03,"01101748C7","DOWO","F",221,-21.1111111111111
2019-03-04,"01101748C7","DOWO","F",254,-22.2222222222222
2019-03-05,"01101748C7","DOWO","F",161,-13.2777777777778
2019-03-06,"01101748C7","DOWO","F",189,-17.2222222222222
2019-03-07,"01101748C7","DOWO","F",178,-3.88888888888889
2019-03-08,"01101748C7","DOWO","F",195,-11.7222222222222
2019-03-09,"01101748C7","DOWO","F",180,-1.11111111111111
2019-01-26,"0110174B57","WBNU","F",59,-6.72222222222222
2019-01-27,"0110174B57","WBNU","F",30,-6.72222222222222
2019-01-29,"0110174B57","WBNU","F",54,-18.8888888888889
2019-01-30,"0110174B57","WBNU","F",87,-22.2222222222222
2019-01-31,"0110174B57","WBNU","F",105,-17.7777777777778
2019-02-01,"0110174B57","WBNU","F",192,-11.7222222222222
2019-02-02,"0110174B57","WBNU","F",111,1.11111111111111
2019-02-03,"0110174B57","WBNU","F",121,-1.11111111111111
2019-02-04,"0110174B57","WBNU","F",36,-12.2222222222222
2019-02-05,"0110174B57","WBNU","F",58,-13.2777777777778
2019-02-06,"0110174B57","WBNU","F",124,-13.2777777777778
2019-02-07,"0110174B57","WBNU","F",80,-15.6111111111111
2019-02-11,"0110174B57","WBNU","F",70,-3.27777777777778
2019-02-12,"0110174B57","WBNU","F",78,-8.27777777777778
2019-02-13,"0110174B57","WBNU","F",74,-9.38888888888889
2019-02-14,"0110174B57","WBNU","F",24,-11.7222222222222
2019-02-15,"0110174B57","WBNU","F",2,-13.2777777777778
2019-02-16,"0110174B57","WBNU","F",84,-16.7222222222222
2019-02-17,"0110174B57","WBNU","F",119,-10
2019-02-18,"0110174B57","WBNU","F",75,-13.2777777777778
2019-02-19,"0110174B57","WBNU","F",113,-16.1111111111111
2019-02-20,"0110174B57","WBNU","F",39,-9.38888888888889
2019-02-21,"0110174B57","WBNU","F",2,-18.8888888888889
2019-02-22,"0110174B57","WBNU","F",47,-6.72222222222222
2019-02-23,"0110174B57","WBNU","F",79,-5
2019-02-24,"0110174B57","WBNU","F",117,-17.7777777777778
2019-02-25,"0110174B57","WBNU","F",89,-21.7222222222222
2019-02-26,"0110174B57","WBNU","F",108,-16.1111111111111
2019-02-27,"0110174B57","WBNU","F",140,-15.6111111111111
2019-02-28,"0110174B57","WBNU","F",89,-13.8888888888889
2019-03-01,"0110174B57","WBNU","F",11,-12.7777777777778
2019-03-02,"0110174B57","WBNU","F",54,-13.2777777777778
2019-03-03,"0110174B57","WBNU","F",103,-21.1111111111111
2019-03-04,"0110174B57","WBNU","F",124,-22.2222222222222
2019-03-06,"0110174B57","WBNU","F",2,-17.2222222222222
2019-03-07,"0110174B57","WBNU","F",30,-3.88888888888889
2019-03-08,"0110174B57","WBNU","F",77,-11.7222222222222
2019-01-26,"0110175F3E","WBNU","F",88,-6.72222222222222
2019-01-27,"0110175F3E","WBNU","F",107,-6.72222222222222
2019-01-28,"0110175F3E","WBNU","F",68,-10.6111111111111
2019-01-29,"0110175F3E","WBNU","F",63,-18.8888888888889
2019-01-30,"0110175F3E","WBNU","F",85,-22.2222222222222
2019-02-01,"0110175F3E","WBNU","F",26,-11.7222222222222
2019-02-04,"0110175F3E","WBNU","F",28,-12.2222222222222
2019-02-14,"0110175F3E","WBNU","F",12,-11.7222222222222
2019-02-15,"0110175F3E","WBNU","F",63,-13.2777777777778
2019-02-16,"0110175F3E","WBNU","F",7,-16.7222222222222
2019-02-19,"0110175F3E","WBNU","F",19,-16.1111111111111
2019-02-20,"0110175F3E","WBNU","F",33,-9.38888888888889
2019-02-21,"0110175F3E","WBNU","F",15,-18.8888888888889
2019-02-22,"0110175F3E","WBNU","F",7,-6.72222222222222
2019-02-24,"0110175F3E","WBNU","F",4,-17.7777777777778
2019-02-25,"0110175F3E","WBNU","F",16,-21.7222222222222
2019-02-28,"0110175F3E","WBNU","F",50,-13.8888888888889
2019-03-01,"0110175F3E","WBNU","F",87,-12.7777777777778
2019-03-02,"0110175F3E","WBNU","F",12,-13.2777777777778
2019-03-03,"0110175F3E","WBNU","F",8,-21.1111111111111
2019-03-05,"0110175F3E","WBNU","F",34,-13.2777777777778
2019-03-06,"0110175F3E","WBNU","F",51,-17.2222222222222
2019-03-07,"0110175F3E","WBNU","F",43,-3.88888888888889
2019-03-08,"0110175F3E","WBNU","F",31,-11.7222222222222
2019-01-29,"0700EDA0C9","DOWO","M",63,-18.8888888888889
2019-01-30,"0700EDA0C9","DOWO","M",189,-22.2222222222222
2019-01-31,"0700EDA0C9","DOWO","M",120,-17.7777777777778
2019-02-01,"0700EDA0C9","DOWO","M",136,-11.7222222222222
2019-02-02,"0700EDA0C9","DOWO","M",119,1.11111111111111
2019-02-03,"0700EDA0C9","DOWO","M",113,-1.11111111111111
2019-02-04,"0700EDA0C9","DOWO","M",48,-12.2222222222222
2019-02-05,"0700EDA0C9","DOWO","M",81,-13.2777777777778
2019-02-06,"0700EDA0C9","DOWO","M",142,-13.2777777777778
2019-02-07,"0700EDA0C9","DOWO","M",145,-15.6111111111111
2019-02-11,"0700EDA0C9","DOWO","M",27,-3.27777777777778
2019-02-12,"0700EDA0C9","DOWO","M",79,-8.27777777777778
2019-02-13,"0700EDA0C9","DOWO","M",110,-9.38888888888889
2019-02-14,"0700EDA0C9","DOWO","M",52,-11.7222222222222
2019-02-15,"0700EDA0C9","DOWO","M",21,-13.2777777777778
2019-02-16,"0700EDA0C9","DOWO","M",102,-16.7222222222222
2019-02-17,"0700EDA0C9","DOWO","M",145,-10
2019-02-18,"0700EDA0C9","DOWO","M",157,-13.2777777777778
2019-02-19,"0700EDA0C9","DOWO","M",170,-16.1111111111111
2019-02-20,"0700EDA0C9","DOWO","M",6,-9.38888888888889
2019-02-22,"0700EDA0C9","DOWO","M",26,-6.72222222222222
2019-02-23,"0700EDA0C9","DOWO","M",144,-5
2019-02-24,"0700EDA0C9","DOWO","M",18,-17.7777777777778
2019-02-25,"0700EDA0C9","DOWO","M",5,-21.7222222222222
2019-02-26,"0700EDA0C9","DOWO","M",65,-16.1111111111111
2019-02-27,"0700EDA0C9","DOWO","M",120,-15.6111111111111
2019-03-01,"0700EDA0C9","DOWO","M",18,-12.7777777777778
2019-03-02,"0700EDA0C9","DOWO","M",93,-13.2777777777778
2019-03-03,"0700EDA0C9","DOWO","M",182,-21.1111111111111
2019-03-04,"0700EDA0C9","DOWO","M",180,-22.2222222222222
2019-03-05,"0700EDA0C9","DOWO","M",11,-13.2777777777778
2019-03-06,"0700EDA0C9","DOWO","M",35,-17.2222222222222
2019-03-07,"0700EDA0C9","DOWO","M",33,-3.88888888888889
2019-03-08,"0700EDA0C9","DOWO","M",15,-11.7222222222222
2019-01-27,"0700EDE823","DOWO","F",41,-6.72222222222222
2019-01-28,"0700EDE823","DOWO","F",10,-10.6111111111111
2019-01-29,"0700EDE823","DOWO","F",43,-18.8888888888889
2019-01-30,"0700EDE823","DOWO","F",55,-22.2222222222222
2019-01-31,"0700EDE823","DOWO","F",75,-17.7777777777778
2019-02-01,"0700EDE823","DOWO","F",48,-11.7222222222222
2019-02-02,"0700EDE823","DOWO","F",3,1.11111111111111
2019-02-04,"0700EDE823","DOWO","F",42,-12.2222222222222
2019-02-05,"0700EDE823","DOWO","F",29,-13.2777777777778
2019-02-06,"0700EDE823","DOWO","F",9,-13.2777777777778
2019-02-07,"0700EDE823","DOWO","F",45,-15.6111111111111
2019-02-09,"0700EDE823","DOWO","F",39,-12.2222222222222
2019-02-10,"0700EDE823","DOWO","F",33,-3.27777777777778
2019-02-11,"0700EDE823","DOWO","F",23,-3.27777777777778
2019-02-12,"0700EDE823","DOWO","F",5,-8.27777777777778
2019-02-13,"0700EDE823","DOWO","F",41,-9.38888888888889
2019-02-14,"0700EDE823","DOWO","F",32,-11.7222222222222
2019-02-15,"0700EDE823","DOWO","F",19,-13.2777777777778
2019-02-16,"0700EDE823","DOWO","F",34,-16.7222222222222
2019-02-17,"0700EDE823","DOWO","F",18,-10
2019-02-18,"0700EDE823","DOWO","F",52,-13.2777777777778
2019-02-19,"0700EDE823","DOWO","F",4,-16.1111111111111
2019-02-20,"0700EDE823","DOWO","F",30,-9.38888888888889
2019-02-21,"0700EDE823","DOWO","F",44,-18.8888888888889
2019-02-22,"0700EDE823","DOWO","F",13,-6.72222222222222
2019-02-24,"0700EDE823","DOWO","F",12,-17.7777777777778
2019-02-25,"0700EDE823","DOWO","F",68,-21.7222222222222
2019-02-26,"0700EDE823","DOWO","F",72,-16.1111111111111
2019-02-27,"0700EDE823","DOWO","F",13,-15.6111111111111
2019-02-28,"0700EDE823","DOWO","F",8,-13.8888888888889
2019-03-01,"0700EDE823","DOWO","F",3,-12.7777777777778
2019-03-02,"0700EDE823","DOWO","F",5,-13.2777777777778
2019-03-05,"0700EDE823","DOWO","F",1,-13.2777777777778
2019-03-06,"0700EDE823","DOWO","F",2,-17.2222222222222
2019-01-27,"0700EDFFDB","DOWO","M",11,-6.72222222222222
2019-01-28,"0700EDFFDB","DOWO","M",1,-10.6111111111111
2019-02-15,"0700EDFFDB","DOWO","M",1,-13.2777777777778
2019-02-16,"0700EDFFDB","DOWO","M",8,-16.7222222222222
2019-02-18,"0700EDFFDB","DOWO","M",19,-13.2777777777778
2019-02-19,"0700EDFFDB","DOWO","M",24,-16.1111111111111
2019-02-20,"0700EDFFDB","DOWO","M",44,-9.38888888888889
2019-02-21,"0700EDFFDB","DOWO","M",3,-18.8888888888889
2019-02-24,"0700EDFFDB","DOWO","M",79,-17.7777777777778
2019-02-25,"0700EDFFDB","DOWO","M",142,-21.7222222222222
2019-02-26,"0700EDFFDB","DOWO","M",80,-16.1111111111111
2019-02-27,"0700EDFFDB","DOWO","M",164,-15.6111111111111
2019-02-28,"0700EDFFDB","DOWO","M",72,-13.8888888888889
2019-03-01,"0700EDFFDB","DOWO","M",66,-12.7777777777778
2019-03-02,"0700EDFFDB","DOWO","M",57,-13.2777777777778
2019-03-03,"0700EDFFDB","DOWO","M",114,-21.1111111111111
2019-03-04,"0700EDFFDB","DOWO","M",17,-22.2222222222222
2019-03-05,"0700EDFFDB","DOWO","M",34,-13.2777777777778
2019-03-06,"0700EDFFDB","DOWO","M",30,-17.2222222222222
2019-03-07,"0700EDFFDB","DOWO","M",21,-3.88888888888889
2019-03-08,"0700EDFFDB","DOWO","M",58,-11.7222222222222
2019-01-26,"0700EE08C5","DOWO","M",66,-6.72222222222222
2019-01-27,"0700EE08C5","DOWO","M",60,-6.72222222222222
2019-01-28,"0700EE08C5","DOWO","M",36,-10.6111111111111
2019-01-29,"0700EE08C5","DOWO","M",68,-18.8888888888889
2019-01-30,"0700EE08C5","DOWO","M",81,-22.2222222222222
2019-02-01,"0700EE08C5","DOWO","M",24,-11.7222222222222
2019-02-04,"0700EE08C5","DOWO","M",24,-12.2222222222222
2019-02-14,"0700EE08C5","DOWO","M",8,-11.7222222222222
2019-02-15,"0700EE08C5","DOWO","M",61,-13.2777777777778
2019-02-16,"0700EE08C5","DOWO","M",15,-16.7222222222222
2019-02-18,"0700EE08C5","DOWO","M",3,-13.2777777777778
2019-02-19,"0700EE08C5","DOWO","M",60,-16.1111111111111
2019-02-20,"0700EE08C5","DOWO","M",94,-9.38888888888889
2019-02-21,"0700EE08C5","DOWO","M",74,-18.8888888888889
2019-02-22,"0700EE08C5","DOWO","M",7,-6.72222222222222
2019-02-24,"0700EE08C5","DOWO","M",8,-17.7777777777778
2019-02-25,"0700EE08C5","DOWO","M",22,-21.7222222222222
2019-02-26,"0700EE08C5","DOWO","M",6,-16.1111111111111
2019-02-27,"0700EE08C5","DOWO","M",4,-15.6111111111111
2019-02-28,"0700EE08C5","DOWO","M",22,-13.8888888888889
2019-03-01,"0700EE08C5","DOWO","M",39,-12.7777777777778
2019-03-02,"0700EE08C5","DOWO","M",6,-13.2777777777778
2019-03-03,"0700EE08C5","DOWO","M",31,-21.1111111111111
2019-03-05,"0700EE08C5","DOWO","M",26,-13.2777777777778
2019-03-06,"0700EE08C5","DOWO","M",54,-17.2222222222222
2019-03-07,"0700EE08C5","DOWO","M",53,-3.88888888888889
2019-03-08,"0700EE08C5","DOWO","M",17,-11.7222222222222
2019-01-27,"0700EE1540","DOWO","M",3,-6.72222222222222
2019-01-28,"0700EE1540","DOWO","M",9,-10.6111111111111
2019-01-29,"0700EE1540","DOWO","M",18,-18.8888888888889
2019-01-30,"0700EE1540","DOWO","M",69,-22.2222222222222
2019-01-31,"0700EE1540","DOWO","M",43,-17.7777777777778
2019-02-01,"0700EE1540","DOWO","M",35,-11.7222222222222
2019-02-04,"0700EE1540","DOWO","M",8,-12.2222222222222
2019-02-05,"0700EE1540","DOWO","M",35,-13.2777777777778
2019-02-06,"0700EE1540","DOWO","M",23,-13.2777777777778
2019-02-07,"0700EE1540","DOWO","M",107,-15.6111111111111
2019-02-09,"0700EE1540","DOWO","M",8,-12.2222222222222
2019-02-10,"0700EE1540","DOWO","M",26,-3.27777777777778
2019-02-11,"0700EE1540","DOWO","M",53,-3.27777777777778
2019-02-12,"0700EE1540","DOWO","M",15,-8.27777777777778
2019-02-14,"0700EE1540","DOWO","M",8,-11.7222222222222
2019-02-15,"0700EE1540","DOWO","M",20,-13.2777777777778
2019-02-16,"0700EE1540","DOWO","M",48,-16.7222222222222
2019-02-17,"0700EE1540","DOWO","M",9,-10
2019-02-18,"0700EE1540","DOWO","M",15,-13.2777777777778
2019-02-19,"0700EE1540","DOWO","M",17,-16.1111111111111
2019-02-20,"0700EE1540","DOWO","M",14,-9.38888888888889
2019-02-21,"0700EE1540","DOWO","M",41,-18.8888888888889
2019-02-22,"0700EE1540","DOWO","M",28,-6.72222222222222
2019-02-23,"0700EE1540","DOWO","M",36,-5
2019-02-26,"0700EE1540","DOWO","M",38,-16.1111111111111
2019-02-27,"0700EE1540","DOWO","M",12,-15.6111111111111
2019-03-01,"0700EE1540","DOWO","M",2,-12.7777777777778
2019-03-03,"0700EE1540","DOWO","M",53,-21.1111111111111
2019-03-04,"0700EE1540","DOWO","M",3,-22.2222222222222
2019-03-05,"0700EE1540","DOWO","M",1,-13.2777777777778
2019-01-26,"0700EE1ECE","DOWO","F",89,-6.72222222222222
2019-01-27,"0700EE1ECE","DOWO","F",88,-6.72222222222222
2019-01-28,"0700EE1ECE","DOWO","F",92,-10.6111111111111
2019-01-29,"0700EE1ECE","DOWO","F",122,-18.8888888888889
2019-01-30,"0700EE1ECE","DOWO","F",102,-22.2222222222222
2019-01-31,"0700EE1ECE","DOWO","F",6,-17.7777777777778
2019-02-01,"0700EE1ECE","DOWO","F",37,-11.7222222222222
2019-02-04,"0700EE1ECE","DOWO","F",26,-12.2222222222222
2019-02-09,"0700EE1ECE","DOWO","F",2,-12.2222222222222
2019-02-10,"0700EE1ECE","DOWO","F",6,-3.27777777777778
2019-02-11,"0700EE1ECE","DOWO","F",142,-3.27777777777778
2019-02-13,"0700EE1ECE","DOWO","F",123,-9.38888888888889
2019-02-14,"0700EE1ECE","DOWO","F",13,-11.7222222222222
2019-02-15,"0700EE1ECE","DOWO","F",143,-13.2777777777778
2019-02-16,"0700EE1ECE","DOWO","F",92,-16.7222222222222
2019-02-17,"0700EE1ECE","DOWO","F",14,-10
2019-02-18,"0700EE1ECE","DOWO","F",54,-13.2777777777778
2019-02-19,"0700EE1ECE","DOWO","F",120,-16.1111111111111
2019-02-20,"0700EE1ECE","DOWO","F",63,-9.38888888888889
2019-02-21,"0700EE1ECE","DOWO","F",162,-18.8888888888889
2019-02-22,"0700EE1ECE","DOWO","F",119,-6.72222222222222
2019-02-23,"0700EE1ECE","DOWO","F",79,-5
2019-02-24,"0700EE1ECE","DOWO","F",15,-17.7777777777778
2019-02-25,"0700EE1ECE","DOWO","F",71,-21.7222222222222
2019-02-26,"0700EE1ECE","DOWO","F",18,-16.1111111111111
2019-02-27,"0700EE1ECE","DOWO","F",15,-15.6111111111111
2019-02-28,"0700EE1ECE","DOWO","F",16,-13.8888888888889
2019-03-01,"0700EE1ECE","DOWO","F",52,-12.7777777777778
2019-03-02,"0700EE1ECE","DOWO","F",23,-13.2777777777778
2019-03-03,"0700EE1ECE","DOWO","F",34,-21.1111111111111
2019-03-05,"0700EE1ECE","DOWO","F",22,-13.2777777777778
2019-03-06,"0700EE1ECE","DOWO","F",47,-17.2222222222222
2019-03-07,"0700EE1ECE","DOWO","F",34,-3.88888888888889
2019-03-08,"0700EE1ECE","DOWO","F",101,-11.7222222222222
2019-01-26,"0700EE257D","WBNU","F",199,-6.72222222222222
2019-01-27,"0700EE257D","WBNU","F",205,-6.72222222222222
2019-01-28,"0700EE257D","WBNU","F",158,-10.6111111111111
2019-01-29,"0700EE257D","WBNU","F",158,-18.8888888888889
2019-01-30,"0700EE257D","WBNU","F",180,-22.2222222222222
2019-01-31,"0700EE257D","WBNU","F",119,-17.7777777777778
2019-02-01,"0700EE257D","WBNU","F",128,-11.7222222222222
2019-02-04,"0700EE257D","WBNU","F",168,-12.2222222222222
2019-02-05,"0700EE257D","WBNU","F",144,-13.2777777777778
2019-02-06,"0700EE257D","WBNU","F",124,-13.2777777777778
2019-02-07,"0700EE257D","WBNU","F",90,-15.6111111111111
2019-02-09,"0700EE257D","WBNU","F",237,-12.2222222222222
2019-02-10,"0700EE257D","WBNU","F",247,-3.27777777777778
2019-02-11,"0700EE257D","WBNU","F",139,-3.27777777777778
2019-02-12,"0700EE257D","WBNU","F",203,-8.27777777777778
2019-02-13,"0700EE257D","WBNU","F",217,-9.38888888888889
2019-02-14,"0700EE257D","WBNU","F",63,-11.7222222222222
2019-02-15,"0700EE257D","WBNU","F",120,-13.2777777777778
2019-02-16,"0700EE257D","WBNU","F",115,-16.7222222222222
2019-02-17,"0700EE257D","WBNU","F",109,-10
2019-02-18,"0700EE257D","WBNU","F",135,-13.2777777777778
2019-02-19,"0700EE257D","WBNU","F",144,-16.1111111111111
2019-02-20,"0700EE257D","WBNU","F",88,-9.38888888888889
2019-02-21,"0700EE257D","WBNU","F",71,-18.8888888888889
2019-02-22,"0700EE257D","WBNU","F",194,-6.72222222222222
2019-02-23,"0700EE257D","WBNU","F",85,-5
2019-02-24,"0700EE257D","WBNU","F",82,-17.7777777777778
2019-02-25,"0700EE257D","WBNU","F",147,-21.7222222222222
2019-02-26,"0700EE257D","WBNU","F",179,-16.1111111111111
2019-02-27,"0700EE257D","WBNU","F",109,-15.6111111111111
2019-02-28,"0700EE257D","WBNU","F",241,-13.8888888888889
2019-03-01,"0700EE257D","WBNU","F",126,-12.7777777777778
2019-03-02,"0700EE257D","WBNU","F",71,-13.2777777777778
2019-03-03,"0700EE257D","WBNU","F",123,-21.1111111111111
2019-03-04,"0700EE257D","WBNU","F",134,-22.2222222222222
2019-03-05,"0700EE257D","WBNU","F",125,-13.2777777777778
2019-03-06,"0700EE257D","WBNU","F",128,-17.2222222222222
2019-03-07,"0700EE257D","WBNU","F",91,-3.88888888888889
2019-03-08,"0700EE257D","WBNU","F",78,-11.7222222222222
2019-01-26,"0700EE27B1","DOWO","F",22,-6.72222222222222
2019-01-27,"0700EE27B1","DOWO","F",84,-6.72222222222222
2019-01-28,"0700EE27B1","DOWO","F",66,-10.6111111111111
2019-01-29,"0700EE27B1","DOWO","F",63,-18.8888888888889
2019-01-30,"0700EE27B1","DOWO","F",156,-22.2222222222222
2019-01-31,"0700EE27B1","DOWO","F",39,-17.7777777777778
2019-02-01,"0700EE27B1","DOWO","F",30,-11.7222222222222
2019-02-04,"0700EE27B1","DOWO","F",27,-12.2222222222222
2019-02-05,"0700EE27B1","DOWO","F",106,-13.2777777777778
2019-02-06,"0700EE27B1","DOWO","F",111,-13.2777777777778
2019-02-07,"0700EE27B1","DOWO","F",87,-15.6111111111111
2019-02-09,"0700EE27B1","DOWO","F",65,-12.2222222222222
2019-02-10,"0700EE27B1","DOWO","F",133,-3.27777777777778
2019-02-11,"0700EE27B1","DOWO","F",105,-3.27777777777778
2019-02-12,"0700EE27B1","DOWO","F",73,-8.27777777777778
2019-02-13,"0700EE27B1","DOWO","F",96,-9.38888888888889
2019-02-14,"0700EE27B1","DOWO","F",67,-11.7222222222222
2019-02-15,"0700EE27B1","DOWO","F",89,-13.2777777777778
2019-02-16,"0700EE27B1","DOWO","F",130,-16.7222222222222
2019-02-17,"0700EE27B1","DOWO","F",159,-10
2019-02-18,"0700EE27B1","DOWO","F",35,-13.2777777777778
2019-02-19,"0700EE27B1","DOWO","F",43,-16.1111111111111
2019-02-20,"0700EE27B1","DOWO","F",51,-9.38888888888889
2019-02-21,"0700EE27B1","DOWO","F",93,-18.8888888888889
2019-02-22,"0700EE27B1","DOWO","F",81,-6.72222222222222
2019-02-23,"0700EE27B1","DOWO","F",144,-5
2019-02-24,"0700EE27B1","DOWO","F",47,-17.7777777777778
2019-02-25,"0700EE27B1","DOWO","F",191,-21.7222222222222
2019-02-26,"0700EE27B1","DOWO","F",193,-16.1111111111111
2019-02-27,"0700EE27B1","DOWO","F",180,-15.6111111111111
2019-02-28,"0700EE27B1","DOWO","F",128,-13.8888888888889
2019-03-01,"0700EE27B1","DOWO","F",165,-12.7777777777778
2019-03-02,"0700EE27B1","DOWO","F",138,-13.2777777777778
2019-03-03,"0700EE27B1","DOWO","F",237,-21.1111111111111
2019-03-04,"0700EE27B1","DOWO","F",195,-22.2222222222222
2019-03-05,"0700EE27B1","DOWO","F",184,-13.2777777777778
2019-03-06,"0700EE27B1","DOWO","F",192,-17.2222222222222
2019-03-07,"0700EE27B1","DOWO","F",156,-3.88888888888889
2019-03-08,"0700EE27B1","DOWO","F",129,-11.7222222222222
2019-03-09,"0700EE27B1","DOWO","F",42,-1.11111111111111
2019-01-26,"0700EE315A","WBNU","M",82,-6.72222222222222
2019-01-31,"0700EE315A","WBNU","M",31,-17.7777777777778
2019-02-01,"0700EE315A","WBNU","M",142,-11.7222222222222
2019-02-02,"0700EE315A","WBNU","M",56,1.11111111111111
2019-02-03,"0700EE315A","WBNU","M",60,-1.11111111111111
2019-02-04,"0700EE315A","WBNU","M",62,-12.2222222222222
2019-02-05,"0700EE315A","WBNU","M",238,-13.2777777777778
2019-02-06,"0700EE315A","WBNU","M",5,-13.2777777777778
2019-02-14,"0700EE315A","WBNU","M",26,-11.7222222222222
2019-02-15,"0700EE315A","WBNU","M",112,-13.2777777777778
2019-02-16,"0700EE315A","WBNU","M",55,-16.7222222222222
2019-02-17,"0700EE315A","WBNU","M",136,-10
2019-02-18,"0700EE315A","WBNU","M",164,-13.2777777777778
2019-02-19,"0700EE315A","WBNU","M",175,-16.1111111111111
2019-02-20,"0700EE315A","WBNU","M",89,-9.38888888888889
2019-02-22,"0700EE315A","WBNU","M",40,-6.72222222222222
2019-02-23,"0700EE315A","WBNU","M",101,-5
2019-02-24,"0700EE315A","WBNU","M",106,-17.7777777777778
2019-02-25,"0700EE315A","WBNU","M",143,-21.7222222222222
2019-02-26,"0700EE315A","WBNU","M",129,-16.1111111111111
2019-02-27,"0700EE315A","WBNU","M",143,-15.6111111111111
2019-02-28,"0700EE315A","WBNU","M",75,-13.8888888888889
2019-03-02,"0700EE315A","WBNU","M",84,-13.2777777777778
2019-03-03,"0700EE315A","WBNU","M",107,-21.1111111111111
2019-03-04,"0700EE315A","WBNU","M",118,-22.2222222222222
2019-03-07,"0700EE315A","WBNU","M",33,-3.88888888888889
2019-03-08,"0700EE315A","WBNU","M",81,-11.7222222222222
2019-01-26,"0700EE3187","WBNU","U",64,-6.72222222222222
2019-01-27,"0700EE3187","WBNU","U",118,-6.72222222222222
2019-01-28,"0700EE3187","WBNU","U",71,-10.6111111111111
2019-01-29,"0700EE3187","WBNU","U",68,-18.8888888888889
2019-01-30,"0700EE3187","WBNU","U",94,-22.2222222222222
2019-02-01,"0700EE3187","WBNU","U",30,-11.7222222222222
2019-02-04,"0700EE3187","WBNU","U",22,-12.2222222222222
2019-02-13,"0700EE3187","WBNU","U",6,-9.38888888888889
2019-02-14,"0700EE3187","WBNU","U",30,-11.7222222222222
2019-02-15,"0700EE3187","WBNU","U",47,-13.2777777777778
2019-02-16,"0700EE3187","WBNU","U",10,-16.7222222222222
2019-02-18,"0700EE3187","WBNU","U",10,-13.2777777777778
2019-02-19,"0700EE3187","WBNU","U",38,-16.1111111111111
2019-02-20,"0700EE3187","WBNU","U",55,-9.38888888888889
2019-02-21,"0700EE3187","WBNU","U",14,-18.8888888888889
2019-02-22,"0700EE3187","WBNU","U",1,-6.72222222222222
2019-02-24,"0700EE3187","WBNU","U",7,-17.7777777777778
2019-02-25,"0700EE3187","WBNU","U",2,-21.7222222222222
2019-02-26,"0700EE3187","WBNU","U",4,-16.1111111111111
2019-02-28,"0700EE3187","WBNU","U",28,-13.8888888888889
2019-03-01,"0700EE3187","WBNU","U",91,-12.7777777777778
2019-03-02,"0700EE3187","WBNU","U",19,-13.2777777777778
2019-03-03,"0700EE3187","WBNU","U",50,-21.1111111111111
2019-03-05,"0700EE3187","WBNU","U",21,-13.2777777777778
2019-03-06,"0700EE3187","WBNU","U",53,-17.2222222222222
2019-03-07,"0700EE3187","WBNU","U",33,-3.88888888888889
2019-03-08,"0700EE3187","WBNU","U",47,-11.7222222222222
